recorded_utc,fill_date,instrument,side,qty,price,source,note
2026-07-31T21:20:41.520187+00:00,2026-07-31,HYG,BUY,541.0,79.45,ibkr_paper,execId=00012ec5.6a6d7dc1.01.01 orderRef='' commission=2.706623 time=2026-07-31 18:45:45+00:00
2026-07-31T21:20:41.524795+00:00,2026-07-31,JNK,BUY,100.0,95.65,ibkr_paper,execId=00012ec5.6a6d7dc2.01.01 orderRef='' commission=1.0003 time=2026-07-31 18:45:46+00:00
2026-07-31T21:20:41.527281+00:00,2026-07-31,JNK,BUY,100.0,95.65,ibkr_paper,execId=00012ec5.6a6d7dc3.01.01 orderRef='' commission=0.0003 time=2026-07-31 18:45:46+00:00
2026-07-31T21:20:41.529211+00:00,2026-07-31,JNK,BUY,100.0,95.65,ibkr_paper,execId=00012ec5.6a6d7dc4.01.01 orderRef='' commission=0.5003 time=2026-07-31 18:45:46+00:00
2026-07-31T21:20:41.533840+00:00,2026-07-31,JNK,BUY,61.0,95.65,ibkr_paper,execId=00012ec5.6a6d7dc5.01.01 orderRef='' commission=0.305183 time=2026-07-31 18:45:46+00:00
2026-07-31T21:20:41.535821+00:00,2026-07-31,JNK,BUY,100.0,95.65,ibkr_paper,execId=00012ec5.6a6d7dc6.01.01 orderRef='' commission=0.5003 time=2026-07-31 18:45:46+00:00
2026-07-31T21:20:41.537451+00:00,2026-07-31,JNK,BUY,100.0,95.65,ibkr_paper,execId=00012ec5.6a6d7dc7.01.01 orderRef='' commission=0.5003 time=2026-07-31 18:45:46+00:00
2026-07-31T21:20:41.539091+00:00,2026-07-31,JNK,BUY,100.0,95.65,ibkr_paper,execId=00012ec5.6a6d7dc8.01.01 orderRef='' commission=0.5003 time=2026-07-31 18:45:46+00:00
2026-07-31T21:20:41.540593+00:00,2026-07-31,JNK,BUY,100.0,95.65,ibkr_paper,execId=00012ec5.6a6d7dc9.01.01 orderRef='' commission=0.5003 time=2026-07-31 18:45:46+00:00
2026-07-31T21:20:41.542062+00:00,2026-07-31,JNK,BUY,200.0,95.65,ibkr_paper,execId=00012ec5.6a6d7dca.01.01 orderRef='' commission=1.0006 time=2026-07-31 18:45:46+00:00
2026-07-31T21:20:41.543512+00:00,2026-07-31,SPHY,BUY,1072.0,23.26,ibkr_paper,execId=00012ec5.6a6d7dcb.01.01 orderRef='' commission=5.363216 time=2026-07-31 18:45:46+00:00
2026-07-31T21:20:41.545061+00:00,2026-07-31,SHYG,BUY,100.0,42.14,ibkr_paper,execId=00012ec5.6a6d7dcc.01.01 orderRef='' commission=1.0003 time=2026-07-31 18:45:46+00:00
2026-07-31T21:20:41.546946+00:00,2026-07-31,SHYG,BUY,58.0,42.14,ibkr_paper,execId=00012ec5.6a6d7dcd.01.01 orderRef='' commission=0.000174 time=2026-07-31 18:45:46+00:00
2026-07-31T21:20:41.548713+00:00,2026-07-31,SHYG,BUY,100.0,42.14,ibkr_paper,execId=00012ec5.6a6d7dce.01.01 orderRef='' commission=0.2903 time=2026-07-31 18:45:46+00:00
2026-07-31T21:20:41.550528+00:00,2026-07-31,SHYG,BUY,100.0,42.14,ibkr_paper,execId=00012ec5.6a6d7dcf.01.01 orderRef='' commission=0.5003 time=2026-07-31 18:45:46+00:00
2026-07-31T21:20:41.552370+00:00,2026-07-31,LQD,SELL,19.0,106.02,ibkr_paper,execId=00012ec5.6a6d7dd0.01.01 orderRef='' commission=1.045258 time=2026-07-31 18:45:46+00:00
2026-07-31T21:20:41.554077+00:00,2026-07-31,LQD,SELL,23.0,106.02,ibkr_paper,execId=00012ec5.6a6d7dd1.01.01 orderRef='' commission=0.054786 time=2026-07-31 18:45:46+00:00
2026-07-31T21:20:41.555860+00:00,2026-07-31,SJNK,SELL,2578.0,24.84,ibkr_paper,execId=00012ec5.6a6d7dd2.01.01 orderRef='' commission=14.719617 time=2026-07-31 18:45:46+00:00
2026-07-31T21:20:41.557528+00:00,2026-07-31,EMB,BUY,100.0,94.68,ibkr_paper,execId=00012ec5.6a6d7dd3.01.01 orderRef='' commission=1.0003 time=2026-07-31 18:45:46+00:00
2026-07-31T21:20:41.559218+00:00,2026-07-31,EMB,BUY,100.0,94.68,ibkr_paper,execId=00012ec5.6a6d7dd4.01.01 orderRef='' commission=0.0003 time=2026-07-31 18:45:46+00:00
2026-07-31T21:20:41.560933+00:00,2026-07-31,EMB,BUY,60.0,94.68,ibkr_paper,execId=00012ec5.6a6d7dd5.01.01 orderRef='' commission=0.30018 time=2026-07-31 18:45:46+00:00
2026-07-31T21:20:41.562611+00:00,2026-07-31,EMB,BUY,100.0,94.68,ibkr_paper,execId=00012ec5.6a6d7dd6.01.01 orderRef='' commission=0.5003 time=2026-07-31 18:45:46+00:00
2026-07-31T21:20:41.564593+00:00,2026-07-31,SRLN,SELL,2484.0,40.4,ibkr_paper,execId=00012ec5.6a6d7dd7.01.01 orderRef='' commission=14.979116 time=2026-07-31 18:45:46+00:00
2026-07-31T21:20:41.566509+00:00,2026-07-31,BKLN,BUY,100.0,20.4,ibkr_paper,execId=00012ec5.6a6d7dd8.01.01 orderRef='' commission=1.0003 time=2026-07-31 18:45:47+00:00
2026-07-31T21:20:41.568333+00:00,2026-07-31,BKLN,BUY,100.0,20.4,ibkr_paper,execId=00012ec5.6a6d7dd9.01.01 orderRef='' commission=0.0003 time=2026-07-31 18:45:47+00:00
2026-07-31T21:20:41.570333+00:00,2026-07-31,BKLN,BUY,100.0,20.4,ibkr_paper,execId=00012ec5.6a6d7dda.01.01 orderRef='' commission=0.5003 time=2026-07-31 18:45:47+00:00
2026-07-31T21:20:41.572223+00:00,2026-07-31,BKLN,BUY,100.0,20.4,ibkr_paper,execId=00012ec5.6a6d7ddb.01.01 orderRef='' commission=0.5003 time=2026-07-31 18:45:47+00:00
2026-07-31T21:20:41.573980+00:00,2026-07-31,BKLN,BUY,100.0,20.4,ibkr_paper,execId=00012ec5.6a6d7ddc.01.01 orderRef='' commission=0.5003 time=2026-07-31 18:45:47+00:00
2026-07-31T21:20:41.575621+00:00,2026-07-31,BKLN,BUY,96.0,20.4,ibkr_paper,execId=00012ec5.6a6d7ddd.01.01 orderRef='' commission=0.480288 time=2026-07-31 18:45:47+00:00
2026-07-31T21:20:41.577499+00:00,2026-07-31,BKLN,BUY,100.0,20.4,ibkr_paper,execId=00012ec5.6a6d7dde.01.01 orderRef='' commission=0.5003 time=2026-07-31 18:45:47+00:00
2026-07-31T21:20:41.579338+00:00,2026-07-31,BKLN,BUY,100.0,20.4,ibkr_paper,execId=00012ec5.6a6d7ddf.01.01 orderRef='' commission=0.5003 time=2026-07-31 18:45:47+00:00
2026-07-31T21:20:41.581793+00:00,2026-07-31,JAAA,SELL,100.0,50.49,ibkr_paper,execId=00012ec5.6a6d7de0.01.01 orderRef='' commission=1.123809 time=2026-07-31 18:45:47+00:00
2026-07-31T21:20:41.583990+00:00,2026-07-31,JAAA,SELL,405.0,50.49,ibkr_paper,execId=00012ec5.6a6d7de1.01.01 orderRef='' commission=2.026428 time=2026-07-31 18:45:47+00:00
2026-07-31T21:20:41.585723+00:00,2026-07-31,JAAA,SELL,100.0,50.49,ibkr_paper,execId=00012ec5.6a6d7de2.01.01 orderRef='' commission=0.623809 time=2026-07-31 18:45:47+00:00
2026-07-31T21:20:41.587509+00:00,2026-07-31,JAAA,SELL,100.0,50.49,ibkr_paper,execId=00012ec5.6a6d7de3.01.01 orderRef='' commission=0.623809 time=2026-07-31 18:45:47+00:00
2026-07-31T21:20:41.589394+00:00,2026-07-31,JAAA,SELL,100.0,50.49,ibkr_paper,execId=00012ec5.6a6d7de4.01.01 orderRef='' commission=0.623809 time=2026-07-31 18:45:47+00:00
2026-07-31T21:20:41.591122+00:00,2026-07-31,JAAA,SELL,200.0,50.49,ibkr_paper,execId=00012ec5.6a6d7de5.01.01 orderRef='' commission=1.247619 time=2026-07-31 18:45:47+00:00
2026-07-31T21:20:41.592846+00:00,2026-07-31,VCSH,BUY,696.0,78.59,ibkr_paper,execId=00012ec5.6a6d7de6.01.01 orderRef='' commission=3.482088 time=2026-07-31 18:45:47+00:00
2026-07-31T21:20:41.594723+00:00,2026-07-31,VCIT,SELL,30.0,81.14,ibkr_paper,execId=00012ec5.6a6d7de7.01.01 orderRef='' commission=1.056085 time=2026-07-31 18:45:47+00:00
2026-07-31T21:20:41.596442+00:00,2026-07-31,VCIT,SELL,1200.0,81.14,ibkr_paper,execId=00012ec5.6a6d7de8.01.01 orderRef='' commission=7.393381 time=2026-07-31 18:45:47+00:00
2026-07-31T21:20:41.598778+00:00,2026-07-31,IGSB,BUY,100.0,52.12,ibkr_paper,execId=00012ec5.6a6d7e18.01.01 orderRef='' commission=1.0003 time=2026-07-31 18:46:07+00:00
2026-07-31T21:20:41.600989+00:00,2026-07-31,IGSB,BUY,100.0,52.12,ibkr_paper,execId=00012ec5.6a6d7e19.01.01 orderRef='' commission=0.0003 time=2026-07-31 18:46:07+00:00
2026-07-31T21:20:41.602772+00:00,2026-07-31,IGSB,BUY,100.0,52.12,ibkr_paper,execId=00012ec5.6a6d7e1a.01.01 orderRef='' commission=0.5003 time=2026-07-31 18:46:07+00:00
2026-07-31T21:20:41.604531+00:00,2026-07-31,IGSB,BUY,363.0,52.12,ibkr_paper,execId=00012ec5.6a6d7e1b.01.01 orderRef='' commission=1.816089 time=2026-07-31 18:46:07+00:00
2026-07-31T21:20:41.606457+00:00,2026-07-31,IGSB,BUY,100.0,52.12,ibkr_paper,execId=00012ec5.6a6d7e1c.01.01 orderRef='' commission=0.5003 time=2026-07-31 18:46:07+00:00
2026-09-08T13:35:19.402482+00:00,2026-09-08,HYG,SELL,41.0,79.06,ibkr_paper,execId=00012ec5.6b3b4043.01.01 orderRef='' commission=1.074892 time=2026-09-08 13:35:18+00:00
2026-09-08T13:35:19.407530+00:00,2026-09-08,HYG,SELL,41.0,79.06,ibkr_paper,execId=00012ec5.6b3b4044.01.01 orderRef='' commission=0.074892 time=2026-09-08 13:35:18+00:00
2026-09-08T13:35:19.410819+00:00,2026-09-08,HYG,SELL,32.0,79.06,ibkr_paper,execId=00012ec5.6b3b4045.01.01 orderRef='' commission=0.058452 time=2026-09-08 13:35:18+00:00
2026-09-08T13:35:19.413760+00:00,2026-09-08,HYG,SELL,41.0,79.06,ibkr_paper,execId=00012ec5.6b3b4046.01.01 orderRef='' commission=0.074892 time=2026-09-08 13:35:18+00:00
2026-09-08T13:35:19.416200+00:00,2026-09-08,HYG,SELL,41.0,79.06,ibkr_paper,execId=00012ec5.6b3b4047.01.01 orderRef='' commission=0.074892 time=2026-09-08 13:35:18+00:00
2026-09-08T13:35:19.418219+00:00,2026-09-08,HYG,SELL,41.0,79.06,ibkr_paper,execId=00012ec5.6b3b4048.01.01 orderRef='' commission=0.259892 time=2026-09-08 13:35:18+00:00
2026-09-08T13:35:19.420131+00:00,2026-09-08,HYG,SELL,41.0,79.06,ibkr_paper,execId=00012ec5.6b3b4049.01.01 orderRef='' commission=0.279892 time=2026-09-08 13:35:18+00:00
2026-09-08T13:35:19.421938+00:00,2026-09-08,HYG,SELL,41.0,79.06,ibkr_paper,execId=00012ec5.6b3b404a.01.01 orderRef='' commission=0.279892 time=2026-09-08 13:35:18+00:00
2026-09-08T13:35:19.423696+00:00,2026-09-08,HYG,SELL,41.0,79.06,ibkr_paper,execId=00012ec5.6b3b404b.01.01 orderRef='' commission=0.279892 time=2026-09-08 13:35:18+00:00
2026-09-08T13:35:19.425469+00:00,2026-09-08,HYG,SELL,41.0,79.06,ibkr_paper,execId=00012ec5.6b3b404c.01.01 orderRef='' commission=0.279892 time=2026-09-08 13:35:18+00:00
2026-09-08T13:35:19.427221+00:00,2026-09-08,HYG,SELL,41.0,79.06,ibkr_paper,execId=00012ec5.6b3b404d.01.01 orderRef='' commission=0.279892 time=2026-09-08 13:35:18+00:00
2026-09-08T13:35:19.429020+00:00,2026-09-08,JNK,SELL,20.0,95.1,ibkr_paper,execId=00012ec5.6b3b4068.01.01 orderRef='' commission=1.043141 time=2026-09-08 13:35:18+00:00
2026-09-08T13:35:19.430812+00:00,2026-09-08,JNK,SELL,20.0,95.1,ibkr_paper,execId=00012ec5.6b3b4069.01.01 orderRef='' commission=0.043141 time=2026-09-08 13:35:18+00:00
2026-09-08T13:35:19.432600+00:00,2026-09-08,JNK,SELL,20.0,95.1,ibkr_paper,execId=00012ec5.6b3b406a.01.01 orderRef='' commission=0.043141 time=2026-09-08 13:35:18+00:00
2026-09-08T13:35:19.434363+00:00,2026-09-08,JNK,SELL,621.0,95.1,ibkr_paper,execId=00012ec5.6b3b406b.01.01 orderRef='' commission=3.744534 time=2026-09-08 13:35:18+00:00
2026-09-08T13:35:19.436126+00:00,2026-09-08,JNK,SELL,20.0,95.1,ibkr_paper,execId=00012ec5.6b3b406c.01.01 orderRef='' commission=0.143141 time=2026-09-08 13:35:18+00:00
2026-09-08T13:35:19.437880+00:00,2026-09-08,JNK,SELL,20.0,95.1,ibkr_paper,execId=00012ec5.6b3b406d.01.01 orderRef='' commission=0.143141 time=2026-09-08 13:35:18+00:00
2026-09-08T13:35:19.439658+00:00,2026-09-08,JNK,SELL,20.0,95.1,ibkr_paper,execId=00012ec5.6b3b406e.01.01 orderRef='' commission=0.143141 time=2026-09-08 13:35:18+00:00
2026-09-08T13:35:19.441446+00:00,2026-09-08,JNK,SELL,20.0,95.1,ibkr_paper,execId=00012ec5.6b3b406f.01.01 orderRef='' commission=0.143141 time=2026-09-08 13:35:18+00:00
2026-09-08T13:35:19.443360+00:00,2026-09-08,JNK,SELL,20.0,95.1,ibkr_paper,execId=00012ec5.6b3b4070.01.01 orderRef='' commission=0.143141 time=2026-09-08 13:35:18+00:00
2026-09-08T13:35:19.445595+00:00,2026-09-08,JNK,SELL,20.0,95.1,ibkr_paper,execId=00012ec5.6b3b4071.01.01 orderRef='' commission=0.143141 time=2026-09-08 13:35:18+00:00
2026-09-08T13:35:19.447567+00:00,2026-09-08,JNK,SELL,20.0,95.1,ibkr_paper,execId=00012ec5.6b3b4072.01.01 orderRef='' commission=0.143141 time=2026-09-08 13:35:18+00:00
2026-09-08T13:35:19.449503+00:00,2026-09-08,JNK,SELL,20.0,95.1,ibkr_paper,execId=00012ec5.6b3b4073.01.01 orderRef='' commission=0.143141 time=2026-09-08 13:35:18+00:00
2026-09-08T13:35:19.451408+00:00,2026-09-08,JNK,SELL,20.0,95.1,ibkr_paper,execId=00012ec5.6b3b4074.01.01 orderRef='' commission=0.143141 time=2026-09-08 13:35:18+00:00
2026-09-08T13:35:19.453309+00:00,2026-09-08,JNK,SELL,20.0,95.1,ibkr_paper,execId=00012ec5.6b3b4075.01.01 orderRef='' commission=0.143141 time=2026-09-08 13:35:18+00:00
2026-09-08T13:35:19.455145+00:00,2026-09-08,JNK,SELL,20.0,95.1,ibkr_paper,execId=00012ec5.6b3b4076.01.01 orderRef='' commission=0.143141 time=2026-09-08 13:35:18+00:00
2026-09-08T13:35:19.456968+00:00,2026-09-08,JNK,SELL,20.0,95.1,ibkr_paper,execId=00012ec5.6b3b4077.01.01 orderRef='' commission=0.143141 time=2026-09-08 13:35:18+00:00
2026-09-08T13:35:19.458787+00:00,2026-09-08,JNK,SELL,20.0,95.1,ibkr_paper,execId=00012ec5.6b3b4078.01.01 orderRef='' commission=0.143141 time=2026-09-08 13:35:18+00:00
2026-09-08T13:35:19.460649+00:00,2026-09-08,JNK,SELL,20.0,95.1,ibkr_paper,execId=00012ec5.6b3b4079.01.01 orderRef='' commission=0.143141 time=2026-09-08 13:35:18+00:00
2026-09-08T13:35:19.462565+00:00,2026-09-08,LQD,SELL,12.0,105.54,ibkr_paper,execId=00012ec5.6b3b407a.01.01 orderRef='' commission=1.028465 time=2026-09-08 13:35:18+00:00
2026-09-08T13:35:19.464440+00:00,2026-09-08,LQD,SELL,50.0,105.54,ibkr_paper,execId=00012ec5.6b3b407b.01.01 orderRef='' commission=0.118606 time=2026-09-08 13:35:18+00:00
2026-09-08T13:35:19.466333+00:00,2026-09-08,LQD,SELL,50.0,105.54,ibkr_paper,execId=00012ec5.6b3b407c.01.01 orderRef='' commission=0.118606 time=2026-09-08 13:35:18+00:00
2026-09-08T13:35:19.468215+00:00,2026-09-08,LQD,SELL,50.0,105.54,ibkr_paper,execId=00012ec5.6b3b407d.01.01 orderRef='' commission=0.118606 time=2026-09-08 13:35:18+00:00
2026-09-08T13:35:19.470098+00:00,2026-09-08,LQD,SELL,50.0,105.54,ibkr_paper,execId=00012ec5.6b3b407e.01.01 orderRef='' commission=0.178606 time=2026-09-08 13:35:18+00:00
2026-09-08T13:35:19.471999+00:00,2026-09-08,LQD,SELL,50.0,105.54,ibkr_paper,execId=00012ec5.6b3b407f.01.01 orderRef='' commission=0.368606 time=2026-09-08 13:35:18+00:00
2026-09-08T13:35:19.473892+00:00,2026-09-08,LQD,SELL,50.0,105.54,ibkr_paper,execId=00012ec5.6b3b4080.01.01 orderRef='' commission=0.368606 time=2026-09-08 13:35:18+00:00
2026-09-08T13:35:19.475780+00:00,2026-09-08,LQD,SELL,50.0,105.54,ibkr_paper,execId=00012ec5.6b3b4081.01.01 orderRef='' commission=0.368606 time=2026-09-08 13:35:18+00:00
2026-09-08T13:35:19.477796+00:00,2026-09-08,LQD,SELL,50.0,105.54,ibkr_paper,execId=00012ec5.6b3b4082.01.01 orderRef='' commission=0.368606 time=2026-09-08 13:35:18+00:00
2026-09-08T13:35:19.479727+00:00,2026-09-08,LQD,SELL,50.0,105.54,ibkr_paper,execId=00012ec5.6b3b4083.01.01 orderRef='' commission=0.368606 time=2026-09-08 13:35:18+00:00
2026-09-08T13:35:19.481686+00:00,2026-09-08,LQD,SELL,50.0,105.54,ibkr_paper,execId=00012ec5.6b3b4084.01.01 orderRef='' commission=0.368606 time=2026-09-08 13:35:18+00:00
2026-09-08T13:35:19.483593+00:00,2026-09-08,LQD,SELL,50.0,105.54,ibkr_paper,execId=00012ec5.6b3b4085.01.01 orderRef='' commission=0.368606 time=2026-09-08 13:35:18+00:00
2026-09-08T13:35:19.485564+00:00,2026-09-08,LQD,SELL,50.0,105.54,ibkr_paper,execId=00012ec5.6b3b4086.01.01 orderRef='' commission=0.368606 time=2026-09-08 13:35:18+00:00
2026-09-08T13:35:19.487573+00:00,2026-09-08,LQD,SELL,50.0,105.54,ibkr_paper,execId=00012ec5.6b3b4087.01.01 orderRef='' commission=0.368606 time=2026-09-08 13:35:18+00:00
2026-09-08T13:35:19.489539+00:00,2026-09-08,LQD,SELL,50.0,105.54,ibkr_paper,execId=00012ec5.6b3b4088.01.01 orderRef='' commission=0.368606 time=2026-09-08 13:35:18+00:00
2026-09-08T13:35:19.491550+00:00,2026-09-08,LQD,SELL,50.0,105.54,ibkr_paper,execId=00012ec5.6b3b4089.01.01 orderRef='' commission=0.368606 time=2026-09-08 13:35:18+00:00
2026-09-08T13:35:19.493542+00:00,2026-09-08,LQD,SELL,50.0,105.54,ibkr_paper,execId=00012ec5.6b3b408a.01.01 orderRef='' commission=0.368606 time=2026-09-08 13:35:18+00:00
2026-09-08T13:35:19.495498+00:00,2026-09-08,LQD,SELL,50.0,105.54,ibkr_paper,execId=00012ec5.6b3b408b.01.01 orderRef='' commission=0.368606 time=2026-09-08 13:35:18+00:00
2026-09-08T13:35:19.497503+00:00,2026-09-08,USHY,BUY,8.0,36.76,ibkr_paper,execId=00012ec5.6b3b40af.01.01 orderRef='' commission=1.000024 time=2026-09-08 13:35:19+00:00
2026-09-08T13:35:19.499512+00:00,2026-09-08,USHY,BUY,800.0,36.76,ibkr_paper,execId=00012ec5.6b3b40b0.01.01 orderRef='' commission=3.0424 time=2026-09-08 13:35:19+00:00
2026-09-08T13:35:19.501485+00:00,2026-09-08,USHY,BUY,8.0,36.76,ibkr_paper,execId=00012ec5.6b3b40b1.01.01 orderRef='' commission=0.040024 time=2026-09-08 13:35:19+00:00
2026-09-08T13:35:19.503488+00:00,2026-09-08,USHY,BUY,8.0,36.76,ibkr_paper,execId=00012ec5.6b3b40b2.01.01 orderRef='' commission=0.040024 time=2026-09-08 13:35:19+00:00
2026-09-08T13:35:19.505469+00:00,2026-09-08,USHY,BUY,8.0,36.76,ibkr_paper,execId=00012ec5.6b3b40b3.01.01 orderRef='' commission=0.040024 time=2026-09-08 13:35:19+00:00
2026-09-08T13:35:19.507734+00:00,2026-09-08,USHY,BUY,8.0,36.76,ibkr_paper,execId=00012ec5.6b3b40b4.01.01 orderRef='' commission=0.040024 time=2026-09-08 13:35:19+00:00
2026-09-08T13:35:19.509815+00:00,2026-09-08,USHY,BUY,8.0,36.76,ibkr_paper,execId=00012ec5.6b3b40b5.01.01 orderRef='' commission=0.040024 time=2026-09-08 13:35:19+00:00
2026-09-08T13:35:19.512321+00:00,2026-09-08,USHY,BUY,8.0,36.76,ibkr_paper,execId=00012ec5.6b3b40b6.01.01 orderRef='' commission=0.040024 time=2026-09-08 13:35:19+00:00
2026-09-08T13:35:19.514409+00:00,2026-09-08,USHY,BUY,8.0,36.76,ibkr_paper,execId=00012ec5.6b3b40b7.01.01 orderRef='' commission=0.040024 time=2026-09-08 13:35:19+00:00
2026-09-08T13:35:19.516589+00:00,2026-09-08,USHY,BUY,8.0,36.76,ibkr_paper,execId=00012ec5.6b3b40b8.01.01 orderRef='' commission=0.040024 time=2026-09-08 13:35:19+00:00
2026-09-08T13:35:19.518816+00:00,2026-09-08,USHY,BUY,8.0,36.76,ibkr_paper,execId=00012ec5.6b3b40b9.01.01 orderRef='' commission=0.040024 time=2026-09-08 13:35:19+00:00
2026-09-08T13:35:19.520974+00:00,2026-09-08,USHY,BUY,8.0,36.76,ibkr_paper,execId=00012ec5.6b3b40ba.01.01 orderRef='' commission=0.040024 time=2026-09-08 13:35:19+00:00
2026-09-08T13:35:19.523127+00:00,2026-09-08,USHY,BUY,8.0,36.76,ibkr_paper,execId=00012ec5.6b3b40bb.01.01 orderRef='' commission=0.040024 time=2026-09-08 13:35:19+00:00
2026-09-10T13:43:10.499213+00:00,2026-09-10,USHY,SELL,86.0,36.39,ibkr_paper,execId=00012ec5.6b550b73.01.01 orderRef='' commission=1.081497 time=2026-09-10 13:43:09+00:00
2026-09-10T13:43:10.506346+00:00,2026-09-10,USHY,SELL,86.0,36.39,ibkr_paper,execId=00012ec5.6b550b74.01.01 orderRef='' commission=0.081497 time=2026-09-10 13:43:09+00:00
2026-09-10T13:43:10.510723+00:00,2026-09-10,USHY,SELL,86.0,36.39,ibkr_paper,execId=00012ec5.6b550b75.01.01 orderRef='' commission=0.371497 time=2026-09-10 13:43:09+00:00
2026-09-10T13:43:10.514594+00:00,2026-09-10,USHY,SELL,86.0,36.39,ibkr_paper,execId=00012ec5.6b550b76.01.01 orderRef='' commission=0.511497 time=2026-09-10 13:43:09+00:00
2026-09-10T13:43:10.517827+00:00,2026-09-10,USHY,SELL,86.0,36.39,ibkr_paper,execId=00012ec5.6b550b77.01.01 orderRef='' commission=0.511497 time=2026-09-10 13:43:09+00:00
2026-09-10T13:43:10.520826+00:00,2026-09-10,USHY,SELL,86.0,36.39,ibkr_paper,execId=00012ec5.6b550b78.01.01 orderRef='' commission=0.511497 time=2026-09-10 13:43:09+00:00
2026-09-10T13:43:10.523934+00:00,2026-09-10,USHY,SELL,86.0,36.39,ibkr_paper,execId=00012ec5.6b550b79.01.01 orderRef='' commission=0.511497 time=2026-09-10 13:43:09+00:00
2026-09-10T13:43:10.526914+00:00,2026-09-10,USHY,SELL,86.0,36.39,ibkr_paper,execId=00012ec5.6b550b7a.01.01 orderRef='' commission=0.511497 time=2026-09-10 13:43:09+00:00
2026-09-10T13:43:10.529423+00:00,2026-09-10,USHY,SELL,86.0,36.39,ibkr_paper,execId=00012ec5.6b550b7b.01.01 orderRef='' commission=0.511497 time=2026-09-10 13:43:09+00:00
2026-09-10T13:43:10.532603+00:00,2026-09-10,USHY,SELL,86.0,36.39,ibkr_paper,execId=00012ec5.6b550b7c.01.01 orderRef='' commission=0.511497 time=2026-09-10 13:43:09+00:00
2026-09-10T13:43:10.535162+00:00,2026-09-10,USHY,SELL,86.0,36.39,ibkr_paper,execId=00012ec5.6b550b7d.01.01 orderRef='' commission=0.511497 time=2026-09-10 13:43:09+00:00
2026-09-10T13:43:10.537799+00:00,2026-09-10,USHY,SELL,86.0,36.39,ibkr_paper,execId=00012ec5.6b550b7e.01.01 orderRef='' commission=0.511497 time=2026-09-10 13:43:09+00:00
2026-09-10T13:43:10.540192+00:00,2026-09-10,USHY,SELL,86.0,36.39,ibkr_paper,execId=00012ec5.6b550b7f.01.01 orderRef='' commission=0.511497 time=2026-09-10 13:43:09+00:00
2026-09-10T13:43:10.542456+00:00,2026-09-10,USHY,SELL,86.0,36.39,ibkr_paper,execId=00012ec5.6b550b80.01.01 orderRef='' commission=0.511497 time=2026-09-10 13:43:09+00:00
2026-09-10T13:43:10.546067+00:00,2026-09-10,USHY,SELL,86.0,36.39,ibkr_paper,execId=00012ec5.6b550b81.01.01 orderRef='' commission=0.511497 time=2026-09-10 13:43:09+00:00
2026-09-10T13:43:10.548288+00:00,2026-09-10,USHY,SELL,86.0,36.39,ibkr_paper,execId=00012ec5.6b550b82.01.01 orderRef='' commission=0.511497 time=2026-09-10 13:43:09+00:00
2026-09-10T13:43:10.550454+00:00,2026-09-10,USHY,SELL,86.0,36.39,ibkr_paper,execId=00012ec5.6b550b83.01.01 orderRef='' commission=0.511497 time=2026-09-10 13:43:09+00:00
2026-09-10T13:43:10.552630+00:00,2026-09-10,USHY,SELL,86.0,36.39,ibkr_paper,execId=00012ec5.6b550b84.01.01 orderRef='' commission=0.511497 time=2026-09-10 13:43:09+00:00
2026-09-10T13:43:10.554812+00:00,2026-09-10,USHY,SELL,86.0,36.39,ibkr_paper,execId=00012ec5.6b550b85.01.01 orderRef='' commission=0.511497 time=2026-09-10 13:43:09+00:00
2026-09-10T13:43:10.557295+00:00,2026-09-10,USHY,SELL,86.0,36.39,ibkr_paper,execId=00012ec5.6b550b86.01.01 orderRef='' commission=0.511497 time=2026-09-10 13:43:09+00:00
2026-09-10T13:43:10.559681+00:00,2026-09-10,USHY,SELL,86.0,36.39,ibkr_paper,execId=00012ec5.6b550b87.01.01 orderRef='' commission=0.511497 time=2026-09-10 13:43:09+00:00
2026-09-10T13:43:10.561903+00:00,2026-09-10,USHY,SELL,86.0,36.39,ibkr_paper,execId=00012ec5.6b550b88.01.01 orderRef='' commission=0.511497 time=2026-09-10 13:43:09+00:00
2026-09-10T13:43:10.564143+00:00,2026-09-10,USHY,SELL,86.0,36.39,ibkr_paper,execId=00012ec5.6b550b89.01.01 orderRef='' commission=0.511497 time=2026-09-10 13:43:09+00:00
2026-09-10T13:43:10.566855+00:00,2026-09-10,USHY,SELL,703.0,36.39,ibkr_paper,execId=00012ec5.6b550b8a.01.01 orderRef='' commission=4.181187 time=2026-09-10 13:43:09+00:00
2026-09-10T13:43:10.569680+00:00,2026-09-10,USHY,SELL,86.0,36.39,ibkr_paper,execId=00012ec5.6b550b8b.01.01 orderRef='' commission=0.511497 time=2026-09-10 13:43:09+00:00
2026-09-10T13:43:10.571971+00:00,2026-09-10,USHY,SELL,86.0,36.39,ibkr_paper,execId=00012ec5.6b550b8c.01.01 orderRef='' commission=0.511497 time=2026-09-10 13:43:09+00:00
2026-09-10T13:43:10.574451+00:00,2026-09-10,USHY,SELL,69.0,36.39,ibkr_paper,execId=00012ec5.6b550b8d.01.01 orderRef='' commission=0.410387 time=2026-09-10 13:43:09+00:00
2026-09-10T13:43:10.576895+00:00,2026-09-10,USHY,SELL,86.0,36.39,ibkr_paper,execId=00012ec5.6b550b8e.01.01 orderRef='' commission=0.511497 time=2026-09-10 13:43:09+00:00
2026-09-10T13:43:10.579144+00:00,2026-09-10,USHY,SELL,86.0,36.39,ibkr_paper,execId=00012ec5.6b550b8f.01.01 orderRef='' commission=0.511497 time=2026-09-10 13:43:09+00:00
2026-09-10T13:43:10.581670+00:00,2026-09-10,USHY,SELL,86.0,36.39,ibkr_paper,execId=00012ec5.6b550b90.01.01 orderRef='' commission=0.511497 time=2026-09-10 13:43:09+00:00
2026-09-10T13:43:10.584095+00:00,2026-09-10,USHY,SELL,86.0,36.39,ibkr_paper,execId=00012ec5.6b550b91.01.01 orderRef='' commission=0.511497 time=2026-09-10 13:43:09+00:00
2026-09-10T13:43:10.586380+00:00,2026-09-10,USHY,SELL,86.0,36.39,ibkr_paper,execId=00012ec5.6b550b92.01.01 orderRef='' commission=0.511497 time=2026-09-10 13:43:09+00:00
2026-09-10T13:43:10.588724+00:00,2026-09-10,USHY,SELL,86.0,36.39,ibkr_paper,execId=00012ec5.6b550b93.01.01 orderRef='' commission=0.511497 time=2026-09-10 13:43:09+00:00
2026-09-10T13:43:10.591212+00:00,2026-09-10,SPHY,SELL,27.0,23.05,ibkr_paper,execId=00012ec5.6b550b94.01.01 orderRef='' commission=1.018166 time=2026-09-10 13:43:09+00:00
2026-09-10T13:43:10.593450+00:00,2026-09-10,SPHY,SELL,27.0,23.05,ibkr_paper,execId=00012ec5.6b550b95.01.01 orderRef='' commission=0.018166 time=2026-09-10 13:43:09+00:00
2026-09-10T13:43:10.595725+00:00,2026-09-10,SPHY,SELL,27.0,23.05,ibkr_paper,execId=00012ec5.6b550b96.01.01 orderRef='' commission=0.018166 time=2026-09-10 13:43:09+00:00
2026-09-10T13:43:10.598019+00:00,2026-09-10,SPHY,SELL,27.0,23.05,ibkr_paper,execId=00012ec5.6b550b97.01.01 orderRef='' commission=0.018166 time=2026-09-10 13:43:09+00:00
2026-09-10T13:43:10.600296+00:00,2026-09-10,SPHY,SELL,350.0,23.05,ibkr_paper,execId=00012ec5.6b550b98.01.01 orderRef='' commission=1.525491 time=2026-09-10 13:43:09+00:00
2026-09-10T13:43:10.602576+00:00,2026-09-10,SPHY,SELL,27.0,23.05,ibkr_paper,execId=00012ec5.6b550b99.01.01 orderRef='' commission=0.153166 time=2026-09-10 13:43:09+00:00
2026-09-10T13:43:10.604872+00:00,2026-09-10,SPHY,SELL,27.0,23.05,ibkr_paper,execId=00012ec5.6b550b9a.01.01 orderRef='' commission=0.153166 time=2026-09-10 13:43:09+00:00
2026-09-10T13:43:10.607339+00:00,2026-09-10,SPHY,SELL,27.0,23.05,ibkr_paper,execId=00012ec5.6b550b9b.01.01 orderRef='' commission=0.153166 time=2026-09-10 13:43:09+00:00
2026-09-10T13:43:10.609698+00:00,2026-09-10,SPHY,SELL,27.0,23.05,ibkr_paper,execId=00012ec5.6b550b9c.01.01 orderRef='' commission=0.153166 time=2026-09-10 13:43:09+00:00
2026-09-10T13:43:10.612097+00:00,2026-09-10,SPHY,SELL,27.0,23.05,ibkr_paper,execId=00012ec5.6b550b9d.01.01 orderRef='' commission=0.153166 time=2026-09-10 13:43:09+00:00
2026-09-10T13:43:10.614615+00:00,2026-09-10,SPHY,SELL,27.0,23.05,ibkr_paper,execId=00012ec5.6b550b9e.01.01 orderRef='' commission=0.153166 time=2026-09-10 13:43:09+00:00
2026-09-10T13:43:10.616964+00:00,2026-09-10,SPHY,SELL,27.0,23.05,ibkr_paper,execId=00012ec5.6b550b9f.01.01 orderRef='' commission=0.153166 time=2026-09-10 13:43:09+00:00
2026-09-10T13:43:10.619366+00:00,2026-09-10,SPHY,SELL,27.0,23.05,ibkr_paper,execId=00012ec5.6b550ba0.01.01 orderRef='' commission=0.153166 time=2026-09-10 13:43:09+00:00
2026-09-10T13:43:10.621824+00:00,2026-09-10,SPHY,SELL,27.0,23.05,ibkr_paper,execId=00012ec5.6b550ba1.01.01 orderRef='' commission=0.153166 time=2026-09-10 13:43:09+00:00
2026-09-10T13:43:10.624310+00:00,2026-09-10,SPHY,SELL,27.0,23.05,ibkr_paper,execId=00012ec5.6b550ba2.01.01 orderRef='' commission=0.153166 time=2026-09-10 13:43:09+00:00
2026-09-10T13:43:10.626838+00:00,2026-09-10,SPHY,SELL,27.0,23.05,ibkr_paper,execId=00012ec5.6b550ba3.01.01 orderRef='' commission=0.153166 time=2026-09-10 13:43:09+00:00
2026-09-10T13:43:10.629275+00:00,2026-09-10,SPHY,SELL,27.0,23.05,ibkr_paper,execId=00012ec5.6b550ba4.01.01 orderRef='' commission=0.153166 time=2026-09-10 13:43:09+00:00
2026-09-10T13:43:10.631716+00:00,2026-09-10,SPHY,SELL,27.0,23.05,ibkr_paper,execId=00012ec5.6b550ba5.01.01 orderRef='' commission=0.153166 time=2026-09-10 13:43:09+00:00
2026-09-10T13:43:10.634130+00:00,2026-09-10,SHYG,BUY,12.0,42.02,ibkr_paper,execId=00012ec5.6b550bc9.01.01 orderRef='' commission=1.000036 time=2026-09-10 13:43:10+00:00
2026-09-10T13:43:10.636641+00:00,2026-09-10,SHYG,BUY,924.0,42.02,ibkr_paper,execId=00012ec5.6b550bca.01.01 orderRef='' commission=3.682772 time=2026-09-10 13:43:10+00:00
2026-09-10T13:43:10.639178+00:00,2026-09-10,SHYG,BUY,12.0,42.02,ibkr_paper,execId=00012ec5.6b550bcb.01.01 orderRef='' commission=0.060036 time=2026-09-10 13:43:10+00:00
2026-09-10T13:43:10.641661+00:00,2026-09-10,SHYG,BUY,12.0,42.02,ibkr_paper,execId=00012ec5.6b550bcc.01.01 orderRef='' commission=0.060036 time=2026-09-10 13:43:10+00:00
2026-09-10T13:43:10.644187+00:00,2026-09-10,SHYG,BUY,12.0,42.02,ibkr_paper,execId=00012ec5.6b550bcd.01.01 orderRef='' commission=0.060036 time=2026-09-10 13:43:10+00:00
2026-09-10T13:43:10.646685+00:00,2026-09-10,SHYG,BUY,12.0,42.02,ibkr_paper,execId=00012ec5.6b550bce.01.01 orderRef='' commission=0.060036 time=2026-09-10 13:43:10+00:00
2026-09-10T13:43:10.649237+00:00,2026-09-10,SHYG,BUY,12.0,42.02,ibkr_paper,execId=00012ec5.6b550bcf.01.01 orderRef='' commission=0.060036 time=2026-09-10 13:43:10+00:00
2026-09-10T13:43:10.651746+00:00,2026-09-10,SHYG,BUY,12.0,42.02,ibkr_paper,execId=00012ec5.6b550bd0.01.01 orderRef='' commission=0.060036 time=2026-09-10 13:43:10+00:00
2026-09-10T13:43:10.654281+00:00,2026-09-10,SHYG,BUY,12.0,42.02,ibkr_paper,execId=00012ec5.6b550bd1.01.01 orderRef='' commission=0.060036 time=2026-09-10 13:43:10+00:00
2026-09-10T16:08:07.648943+00:00,2026-09-10,SRLN,SELL,4.0,40.49,ibkr_paper,execId=00012ec5.6b550c16.01.01 orderRef='' commission=1.004128 time=2026-09-10 13:43:11+00:00
2026-09-10T16:08:07.653182+00:00,2026-09-10,SRLN,SELL,4.0,40.49,ibkr_paper,execId=00012ec5.6b550c17.01.01 orderRef='' commission=0.004128 time=2026-09-10 13:43:11+00:00
2026-09-10T16:08:07.656345+00:00,2026-09-10,SRLN,SELL,4.0,40.49,ibkr_paper,execId=00012ec5.6b550c18.01.01 orderRef='' commission=0.004128 time=2026-09-10 13:43:11+00:00
2026-09-10T16:08:07.659416+00:00,2026-09-10,SRLN,SELL,4.0,40.49,ibkr_paper,execId=00012ec5.6b550c19.01.01 orderRef='' commission=0.004128 time=2026-09-10 13:43:11+00:00
2026-09-10T16:08:07.662423+00:00,2026-09-10,SRLN,SELL,4.0,40.49,ibkr_paper,execId=00012ec5.6b550c1a.01.01 orderRef='' commission=0.004128 time=2026-09-10 13:43:11+00:00
2026-09-10T16:08:07.665422+00:00,2026-09-10,SRLN,SELL,4.0,40.49,ibkr_paper,execId=00012ec5.6b550c1b.01.01 orderRef='' commission=0.004128 time=2026-09-10 13:43:11+00:00
2026-09-10T16:08:07.668215+00:00,2026-09-10,SRLN,SELL,4.0,40.49,ibkr_paper,execId=00012ec5.6b550c1c.01.01 orderRef='' commission=0.004128 time=2026-09-10 13:43:11+00:00
2026-09-10T16:08:07.671020+00:00,2026-09-10,SRLN,SELL,4.0,40.49,ibkr_paper,execId=00012ec5.6b550c1d.01.01 orderRef='' commission=0.004128 time=2026-09-10 13:43:11+00:00
2026-09-10T16:08:07.673899+00:00,2026-09-10,SRLN,SELL,4.0,40.49,ibkr_paper,execId=00012ec5.6b550c1e.01.01 orderRef='' commission=0.004128 time=2026-09-10 13:43:11+00:00
2026-09-10T16:08:07.676699+00:00,2026-09-10,SRLN,SELL,4.0,40.49,ibkr_paper,execId=00012ec5.6b550c1f.01.01 orderRef='' commission=0.004128 time=2026-09-10 13:43:11+00:00
2026-09-10T16:08:07.679834+00:00,2026-09-10,SRLN,SELL,4.0,40.49,ibkr_paper,execId=00012ec5.6b550c20.01.01 orderRef='' commission=0.004128 time=2026-09-10 13:43:11+00:00
2026-09-10T16:08:07.682800+00:00,2026-09-10,SRLN,SELL,4.0,40.49,ibkr_paper,execId=00012ec5.6b550c21.01.01 orderRef='' commission=0.004128 time=2026-09-10 13:43:11+00:00
2026-09-10T16:08:07.687140+00:00,2026-09-10,SRLN,SELL,4.0,40.49,ibkr_paper,execId=00012ec5.6b550c22.01.01 orderRef='' commission=0.004128 time=2026-09-10 13:43:11+00:00
2026-09-10T16:08:07.689782+00:00,2026-09-10,SRLN,SELL,4.0,40.49,ibkr_paper,execId=00012ec5.6b550c23.01.01 orderRef='' commission=0.004128 time=2026-09-10 13:43:11+00:00
2026-09-10T16:08:07.692458+00:00,2026-09-10,SRLN,SELL,4.0,40.49,ibkr_paper,execId=00012ec5.6b550c24.01.01 orderRef='' commission=0.004128 time=2026-09-10 13:43:11+00:00
2026-09-10T16:08:07.695747+00:00,2026-09-10,SRLN,SELL,4.0,40.49,ibkr_paper,execId=00012ec5.6b550c25.01.01 orderRef='' commission=0.004128 time=2026-09-10 13:43:11+00:00
2026-09-10T16:08:07.699191+00:00,2026-09-10,SRLN,SELL,4.0,40.49,ibkr_paper,execId=00012ec5.6b550c26.01.01 orderRef='' commission=0.004128 time=2026-09-10 13:43:11+00:00
2026-09-10T16:08:07.701826+00:00,2026-09-10,SRLN,SELL,4.0,40.49,ibkr_paper,execId=00012ec5.6b550c27.01.01 orderRef='' commission=0.004128 time=2026-09-10 13:43:11+00:00
2026-09-10T16:08:07.704754+00:00,2026-09-10,SRLN,SELL,4.0,40.49,ibkr_paper,execId=00012ec5.6b550c28.01.01 orderRef='' commission=0.004128 time=2026-09-10 13:43:11+00:00
2026-09-10T16:08:07.707569+00:00,2026-09-10,SRLN,SELL,4.0,40.49,ibkr_paper,execId=00012ec5.6b550c29.01.01 orderRef='' commission=0.004128 time=2026-09-10 13:43:11+00:00
2026-09-10T16:08:07.711014+00:00,2026-09-10,SRLN,SELL,4.0,40.49,ibkr_paper,execId=00012ec5.6b550c2a.01.01 orderRef='' commission=0.004128 time=2026-09-10 13:43:11+00:00
2026-09-10T16:08:07.713663+00:00,2026-09-10,SRLN,SELL,4.0,40.49,ibkr_paper,execId=00012ec5.6b550c2b.01.01 orderRef='' commission=0.004128 time=2026-09-10 13:43:11+00:00
2026-09-10T16:08:07.716248+00:00,2026-09-10,SRLN,SELL,400.0,40.49,ibkr_paper,execId=00012ec5.6b550c2c.01.01 orderRef='' commission=1.852838 time=2026-09-10 13:43:11+00:00
2026-09-10T16:08:07.718840+00:00,2026-09-10,SRLN,SELL,4.0,40.49,ibkr_paper,execId=00012ec5.6b550c2d.01.01 orderRef='' commission=0.024128 time=2026-09-10 13:43:11+00:00
2026-09-10T16:08:07.721448+00:00,2026-09-10,SRLN,SELL,4.0,40.49,ibkr_paper,execId=00012ec5.6b550c2e.01.01 orderRef='' commission=0.024128 time=2026-09-10 13:43:11+00:00
2026-09-10T16:08:07.724069+00:00,2026-09-10,SRLN,SELL,4.0,40.49,ibkr_paper,execId=00012ec5.6b550c2f.01.01 orderRef='' commission=0.024128 time=2026-09-10 13:43:11+00:00
2026-09-10T16:08:07.726698+00:00,2026-09-10,SRLN,SELL,4.0,40.49,ibkr_paper,execId=00012ec5.6b550c30.01.01 orderRef='' commission=0.024128 time=2026-09-10 13:43:11+00:00
2026-09-10T16:08:07.729301+00:00,2026-09-10,SRLN,SELL,4.0,40.49,ibkr_paper,execId=00012ec5.6b550c31.01.01 orderRef='' commission=0.024128 time=2026-09-10 13:43:11+00:00
2026-09-10T16:08:07.731948+00:00,2026-09-10,SRLN,SELL,396.0,40.49,ibkr_paper,execId=00012ec5.6b550c32.01.01 orderRef='' commission=2.388709 time=2026-09-10 13:43:11+00:00
2026-09-10T16:08:07.734612+00:00,2026-09-10,SRLN,SELL,4.0,40.49,ibkr_paper,execId=00012ec5.6b550c33.01.01 orderRef='' commission=0.024128 time=2026-09-10 13:43:11+00:00
2026-09-10T16:08:07.737260+00:00,2026-09-10,VCIT,BUY,1269.0,79.95,ibkr_paper,execId=00012ec5.6b550ca4.01.01 orderRef='' commission=6.348807 time=2026-09-10 13:43:12+00:00
2026-09-10T16:08:07.739905+00:00,2026-09-10,VCIT,BUY,15.0,79.95,ibkr_paper,execId=00012ec5.6b550ca5.01.01 orderRef='' commission=0.075045 time=2026-09-10 13:43:12+00:00
2026-09-10T16:08:07.742547+00:00,2026-09-10,VCIT,BUY,15.0,79.95,ibkr_paper,execId=00012ec5.6b550ca6.01.01 orderRef='' commission=0.075045 time=2026-09-10 13:43:12+00:00
2026-09-10T16:08:07.745178+00:00,2026-09-10,VCIT,BUY,15.0,79.95,ibkr_paper,execId=00012ec5.6b550ca7.01.01 orderRef='' commission=0.075045 time=2026-09-10 13:43:12+00:00
2026-09-10T16:08:07.747873+00:00,2026-09-10,VCIT,BUY,15.0,79.95,ibkr_paper,execId=00012ec5.6b550ca8.01.01 orderRef='' commission=0.075045 time=2026-09-10 13:43:12+00:00
2026-09-10T16:08:07.750568+00:00,2026-09-10,VCIT,BUY,15.0,79.95,ibkr_paper,execId=00012ec5.6b550ca9.01.01 orderRef='' commission=0.075045 time=2026-09-10 13:43:12+00:00
2026-09-10T16:08:07.753266+00:00,2026-09-10,VCIT,BUY,15.0,79.95,ibkr_paper,execId=00012ec5.6b550caa.01.01 orderRef='' commission=0.075045 time=2026-09-10 13:43:12+00:00
2026-09-10T16:08:07.756016+00:00,2026-09-10,VCIT,BUY,15.0,79.95,ibkr_paper,execId=00012ec5.6b550cab.01.01 orderRef='' commission=0.075045 time=2026-09-10 13:43:12+00:00
2026-09-10T16:08:07.759146+00:00,2026-09-10,VCIT,BUY,15.0,79.95,ibkr_paper,execId=00012ec5.6b550cac.01.01 orderRef='' commission=0.075045 time=2026-09-10 13:43:12+00:00
2026-09-10T16:08:07.762167+00:00,2026-09-10,VCIT,BUY,15.0,79.95,ibkr_paper,execId=00012ec5.6b550cad.01.01 orderRef='' commission=0.075045 time=2026-09-10 13:43:12+00:00
2026-09-10T16:08:07.765067+00:00,2026-09-10,VCIT,BUY,15.0,79.95,ibkr_paper,execId=00012ec5.6b550cae.01.01 orderRef='' commission=0.075045 time=2026-09-10 13:43:12+00:00
2026-09-10T16:08:07.767825+00:00,2026-09-10,VCIT,BUY,15.0,79.95,ibkr_paper,execId=00012ec5.6b550caf.01.01 orderRef='' commission=0.075045 time=2026-09-10 13:43:12+00:00
2026-09-10T16:08:07.771530+00:00,2026-09-10,VCIT,BUY,15.0,79.95,ibkr_paper,execId=00012ec5.6b550cb0.01.01 orderRef='' commission=0.075045 time=2026-09-10 13:43:12+00:00
2026-09-10T16:08:07.774301+00:00,2026-09-10,VCIT,BUY,15.0,79.95,ibkr_paper,execId=00012ec5.6b550cb1.01.01 orderRef='' commission=0.075045 time=2026-09-10 13:43:12+00:00
2026-09-10T16:08:07.777038+00:00,2026-09-10,VCIT,BUY,15.0,79.95,ibkr_paper,execId=00012ec5.6b550cb2.01.01 orderRef='' commission=0.075045 time=2026-09-10 13:43:12+00:00
2026-09-10T16:08:07.779781+00:00,2026-09-10,SJNK,SELL,100.0,24.6,ibkr_paper,execId=00012ec5.6b550cf0.01.01 orderRef='' commission=1.070476 time=2026-09-10 13:43:13+00:00
2026-09-10T16:08:07.782526+00:00,2026-09-10,SJNK,SELL,1.0,24.6,ibkr_paper,execId=00012ec5.6b550cf1.01.01 orderRef='' commission=0.000705 time=2026-09-10 13:43:13+00:00
2026-09-10T16:08:07.785257+00:00,2026-09-10,SJNK,SELL,1.0,24.6,ibkr_paper,execId=00012ec5.6b550cf2.01.01 orderRef='' commission=0.000705 time=2026-09-10 13:43:13+00:00
2026-09-10T16:08:07.788005+00:00,2026-09-10,SJNK,SELL,1.0,24.6,ibkr_paper,execId=00012ec5.6b550cf3.01.01 orderRef='' commission=0.000705 time=2026-09-10 13:43:13+00:00
2026-09-10T16:08:07.790778+00:00,2026-09-10,SJNK,SELL,1.0,24.6,ibkr_paper,execId=00012ec5.6b550cf4.01.01 orderRef='' commission=0.000705 time=2026-09-10 13:43:13+00:00
2026-09-10T16:08:07.793570+00:00,2026-09-10,SJNK,SELL,1.0,24.6,ibkr_paper,execId=00012ec5.6b550cf5.01.01 orderRef='' commission=0.000705 time=2026-09-10 13:43:13+00:00
2026-09-10T16:08:07.796341+00:00,2026-09-10,SJNK,SELL,1.0,24.6,ibkr_paper,execId=00012ec5.6b550cf6.01.01 orderRef='' commission=0.000705 time=2026-09-10 13:43:13+00:00
2026-09-10T16:08:07.799131+00:00,2026-09-10,SHYG,BUY,12.0,42.02,ibkr_paper,execId=00012ec5.6b550d36.01.01 orderRef='' commission=0.060036 time=2026-09-10 13:43:14+00:00
2026-09-10T16:08:07.801921+00:00,2026-09-10,SHYG,BUY,12.0,42.02,ibkr_paper,execId=00012ec5.6b550d37.01.01 orderRef='' commission=0.060036 time=2026-09-10 13:43:14+00:00
2026-09-10T16:08:07.804709+00:00,2026-09-10,SHYG,BUY,12.0,42.02,ibkr_paper,execId=00012ec5.6b550d38.01.01 orderRef='' commission=0.060036 time=2026-09-10 13:43:14+00:00
2026-09-10T16:08:07.807513+00:00,2026-09-10,VCIT,BUY,15.0,79.95,ibkr_paper,execId=00012ec5.6b550d52.01.01 orderRef='' commission=0.075045 time=2026-09-10 13:43:15+00:00
2026-09-10T16:08:07.810635+00:00,2026-09-10,SRLN,SELL,4.0,40.49,ibkr_paper,execId=00012ec5.6b550dcc.01.01 orderRef='' commission=0.024128 time=2026-09-10 13:43:17+00:00
2026-09-10T16:08:07.813874+00:00,2026-09-10,IGSB,BUY,497.0,51.71,ibkr_paper,execId=00012ec5.6b550e06.01.01 orderRef='' commission=2.486491 time=2026-09-10 13:43:18+00:00
2026-09-10T16:08:07.816786+00:00,2026-09-10,VCSH,SELL,100.0,77.9,ibkr_paper,execId=00012ec5.6b550e9b.01.01 orderRef='' commission=1.180274 time=2026-09-10 13:43:19+00:00
2026-09-10T16:08:07.820579+00:00,2026-09-10,SHYG,BUY,12.0,42.02,ibkr_paper,execId=00012ec5.6b550ee3.01.01 orderRef='' commission=0.060036 time=2026-09-10 13:43:20+00:00
2026-09-10T16:08:07.823628+00:00,2026-09-10,VCIT,BUY,15.0,79.95,ibkr_paper,execId=00012ec5.6b550f15.01.01 orderRef='' commission=0.075045 time=2026-09-10 13:43:21+00:00
2026-09-10T16:08:07.827004+00:00,2026-09-10,SRLN,SELL,4.0,40.49,ibkr_paper,execId=00012ec5.6b550f4d.01.01 orderRef='' commission=0.024128 time=2026-09-10 13:43:23+00:00
2026-09-10T16:08:07.830047+00:00,2026-09-10,SJNK,SELL,1.0,24.6,ibkr_paper,execId=00012ec5.6b550f77.01.01 orderRef='' commission=0.000705 time=2026-09-10 13:43:24+00:00
2026-09-10T16:08:07.833011+00:00,2026-09-10,SRLN,SELL,4.0,40.49,ibkr_paper,execId=00012ec5.6b550fe3.01.01 orderRef='' commission=0.024128 time=2026-09-10 13:43:25+00:00
2026-09-10T16:08:07.835933+00:00,2026-09-10,SRLN,SELL,4.0,40.49,ibkr_paper,execId=00012ec5.6b55102f.01.01 orderRef='' commission=0.024128 time=2026-09-10 13:43:26+00:00
2026-09-10T16:08:07.838854+00:00,2026-09-10,VCSH,SELL,1.0,77.9,ibkr_paper,execId=00012ec5.6b551081.01.01 orderRef='' commission=0.001803 time=2026-09-10 13:43:27+00:00
2026-09-10T16:08:07.841801+00:00,2026-09-10,IGSB,BUY,600.0,51.71,ibkr_paper,execId=00012ec5.6b5510c3.01.01 orderRef='' commission=3.0018 time=2026-09-10 13:43:28+00:00
2026-09-10T16:08:07.844705+00:00,2026-09-10,VCIT,BUY,15.0,79.95,ibkr_paper,execId=00012ec5.6b5510eb.01.01 orderRef='' commission=0.075045 time=2026-09-10 13:43:29+00:00
2026-09-10T16:08:07.847638+00:00,2026-09-10,BKLN,BUY,800.0,20.6,ibkr_paper,execId=00012ec5.6b551122.01.01 orderRef='' commission=4.0024 time=2026-09-10 13:43:31+00:00
2026-09-10T16:08:07.850597+00:00,2026-09-10,VCSH,SELL,99.0,77.9,ibkr_paper,execId=00012ec5.6b5511a7.01.01 orderRef='' commission=0.178471 time=2026-09-10 13:43:32+00:00
2026-09-10T16:08:07.853660+00:00,2026-09-10,SRLN,SELL,4.0,40.49,ibkr_paper,execId=00012ec5.6b55122b.01.01 orderRef='' commission=0.024128 time=2026-09-10 13:43:34+00:00
2026-09-10T16:08:07.856651+00:00,2026-09-10,VCSH,SELL,1.0,77.9,ibkr_paper,execId=00012ec5.6b5512ce.01.01 orderRef='' commission=0.006803 time=2026-09-10 13:43:35+00:00
2026-09-10T16:08:07.859593+00:00,2026-09-10,IGSB,BUY,40.0,51.71,ibkr_paper,execId=00012ec5.6b55135c.01.01 orderRef='' commission=0.20012 time=2026-09-10 13:43:36+00:00
2026-09-10T16:08:07.862643+00:00,2026-09-10,SRLN,SELL,4.0,40.49,ibkr_paper,execId=00012ec5.6b551389.01.01 orderRef='' commission=0.024128 time=2026-09-10 13:43:38+00:00
2026-09-10T16:08:07.865602+00:00,2026-09-10,SJNK,SELL,99.0,24.6,ibkr_paper,execId=00012ec5.6b55148d.01.01 orderRef='' commission=0.099771 time=2026-09-10 13:43:40+00:00
2026-09-10T16:08:07.868555+00:00,2026-09-10,BKLN,BUY,800.0,20.6,ibkr_paper,execId=00012ec5.6b5514dc.01.01 orderRef='' commission=4.0024 time=2026-09-10 13:43:41+00:00
2026-09-10T16:08:07.871514+00:00,2026-09-10,BKLN,BUY,8.0,20.6,ibkr_paper,execId=00012ec5.6b5514dd.01.01 orderRef='' commission=0.040024 time=2026-09-10 13:43:41+00:00
2026-09-10T16:08:07.874522+00:00,2026-09-10,BKLN,BUY,8.0,20.6,ibkr_paper,execId=00012ec5.6b5514de.01.01 orderRef='' commission=0.040024 time=2026-09-10 13:43:41+00:00
2026-09-10T16:08:07.877464+00:00,2026-09-10,BKLN,BUY,8.0,20.6,ibkr_paper,execId=00012ec5.6b5514df.01.01 orderRef='' commission=0.040024 time=2026-09-10 13:43:41+00:00
2026-09-10T16:08:07.880423+00:00,2026-09-10,BKLN,BUY,8.0,20.6,ibkr_paper,execId=00012ec5.6b5514e0.01.01 orderRef='' commission=0.040024 time=2026-09-10 13:43:41+00:00
2026-09-10T16:08:07.883398+00:00,2026-09-10,BKLN,BUY,8.0,20.6,ibkr_paper,execId=00012ec5.6b5514e1.01.01 orderRef='' commission=0.040024 time=2026-09-10 13:43:41+00:00
2026-09-10T16:08:07.886403+00:00,2026-09-10,BKLN,BUY,8.0,20.6,ibkr_paper,execId=00012ec5.6b5514e2.01.01 orderRef='' commission=0.040024 time=2026-09-10 13:43:41+00:00
2026-09-10T16:08:07.889470+00:00,2026-09-10,BKLN,BUY,8.0,20.6,ibkr_paper,execId=00012ec5.6b5514e3.01.01 orderRef='' commission=0.040024 time=2026-09-10 13:43:41+00:00
2026-09-10T16:08:07.892866+00:00,2026-09-10,BKLN,BUY,8.0,20.6,ibkr_paper,execId=00012ec5.6b5514e4.01.01 orderRef='' commission=0.040024 time=2026-09-10 13:43:41+00:00
2026-09-10T16:08:07.896178+00:00,2026-09-10,BKLN,BUY,8.0,20.6,ibkr_paper,execId=00012ec5.6b5514e5.01.01 orderRef='' commission=0.040024 time=2026-09-10 13:43:41+00:00
2026-09-10T16:08:07.899413+00:00,2026-09-10,BKLN,BUY,8.0,20.6,ibkr_paper,execId=00012ec5.6b5514e6.01.01 orderRef='' commission=0.040024 time=2026-09-10 13:43:41+00:00
2026-09-10T16:08:07.902567+00:00,2026-09-10,BKLN,BUY,8.0,20.6,ibkr_paper,execId=00012ec5.6b5514e7.01.01 orderRef='' commission=0.040024 time=2026-09-10 13:43:41+00:00
2026-09-10T16:08:07.905666+00:00,2026-09-10,BKLN,BUY,8.0,20.6,ibkr_paper,execId=00012ec5.6b5514e8.01.01 orderRef='' commission=0.040024 time=2026-09-10 13:43:41+00:00
2026-09-10T16:08:07.908899+00:00,2026-09-10,BKLN,BUY,8.0,20.6,ibkr_paper,execId=00012ec5.6b5514e9.01.01 orderRef='' commission=0.040024 time=2026-09-10 13:43:41+00:00
2026-09-10T16:08:07.912190+00:00,2026-09-10,BKLN,BUY,8.0,20.6,ibkr_paper,execId=00012ec5.6b5514ea.01.01 orderRef='' commission=0.040024 time=2026-09-10 13:43:41+00:00
2026-09-10T16:08:07.915555+00:00,2026-09-10,VCSH,SELL,99.0,77.9,ibkr_paper,execId=00012ec5.6b5514eb.01.01 orderRef='' commission=0.673471 time=2026-09-10 13:43:41+00:00
2026-09-10T16:08:07.918968+00:00,2026-09-10,VCSH,SELL,1.0,77.9,ibkr_paper,execId=00012ec5.6b5514ec.01.01 orderRef='' commission=0.006803 time=2026-09-10 13:43:41+00:00
2026-09-10T16:08:07.922287+00:00,2026-09-10,VCSH,SELL,1.0,77.9,ibkr_paper,execId=00012ec5.6b5514ed.01.01 orderRef='' commission=0.006803 time=2026-09-10 13:43:41+00:00
2026-09-10T16:08:07.926253+00:00,2026-09-10,VCSH,SELL,1.0,77.9,ibkr_paper,execId=00012ec5.6b5514ee.01.01 orderRef='' commission=0.006803 time=2026-09-10 13:43:41+00:00
2026-09-10T16:08:07.929457+00:00,2026-09-10,VCSH,SELL,1.0,77.9,ibkr_paper,execId=00012ec5.6b5514ef.01.01 orderRef='' commission=0.006803 time=2026-09-10 13:43:41+00:00
2026-09-10T16:08:07.932555+00:00,2026-09-10,VCSH,SELL,1.0,77.9,ibkr_paper,execId=00012ec5.6b5514f0.01.01 orderRef='' commission=0.006803 time=2026-09-10 13:43:41+00:00
2026-09-10T16:08:07.935635+00:00,2026-09-10,VCSH,SELL,1.0,77.9,ibkr_paper,execId=00012ec5.6b5514f1.01.01 orderRef='' commission=0.006803 time=2026-09-10 13:43:41+00:00
2026-09-10T16:08:07.938749+00:00,2026-09-10,VCSH,SELL,1.0,77.9,ibkr_paper,execId=00012ec5.6b5514f2.01.01 orderRef='' commission=0.006803 time=2026-09-10 13:43:41+00:00
2026-09-10T16:08:07.941844+00:00,2026-09-10,VCSH,SELL,1.0,77.9,ibkr_paper,execId=00012ec5.6b5514f3.01.01 orderRef='' commission=0.006803 time=2026-09-10 13:43:41+00:00
2026-09-10T16:08:07.944953+00:00,2026-09-10,VCSH,SELL,1.0,77.9,ibkr_paper,execId=00012ec5.6b5514f4.01.01 orderRef='' commission=0.006803 time=2026-09-10 13:43:41+00:00
2026-09-10T16:08:07.948073+00:00,2026-09-10,VCSH,SELL,1.0,77.9,ibkr_paper,execId=00012ec5.6b5514f5.01.01 orderRef='' commission=0.006803 time=2026-09-10 13:43:41+00:00
2026-09-10T16:08:07.951144+00:00,2026-09-10,VCSH,SELL,1.0,77.9,ibkr_paper,execId=00012ec5.6b5514f6.01.01 orderRef='' commission=0.006803 time=2026-09-10 13:43:41+00:00
2026-09-10T16:08:07.954323+00:00,2026-09-10,VCSH,SELL,1.0,77.9,ibkr_paper,execId=00012ec5.6b5514f7.01.01 orderRef='' commission=0.006803 time=2026-09-10 13:43:41+00:00
2026-09-10T16:08:07.957795+00:00,2026-09-10,VCSH,SELL,1.0,77.9,ibkr_paper,execId=00012ec5.6b5514f8.01.01 orderRef='' commission=0.006803 time=2026-09-10 13:43:41+00:00
2026-09-10T16:08:07.961308+00:00,2026-09-10,VCSH,SELL,1.0,77.9,ibkr_paper,execId=00012ec5.6b5514f9.01.01 orderRef='' commission=0.006803 time=2026-09-10 13:43:41+00:00
2026-09-10T16:08:07.964841+00:00,2026-09-10,SRLN,SELL,4.0,40.49,ibkr_paper,execId=00012ec5.6b55153d.01.01 orderRef='' commission=0.024128 time=2026-09-10 13:43:42+00:00
2026-09-10T16:08:07.968166+00:00,2026-09-10,SRLN,SELL,4.0,40.49,ibkr_paper,execId=00012ec5.6b55153e.01.01 orderRef='' commission=0.024128 time=2026-09-10 13:43:42+00:00
2026-09-10T16:08:07.971363+00:00,2026-09-10,SRLN,SELL,4.0,40.49,ibkr_paper,execId=00012ec5.6b55153f.01.01 orderRef='' commission=0.024128 time=2026-09-10 13:43:42+00:00
2026-09-10T16:08:07.974508+00:00,2026-09-10,SRLN,SELL,4.0,40.49,ibkr_paper,execId=00012ec5.6b551540.01.01 orderRef='' commission=0.024128 time=2026-09-10 13:43:42+00:00
2026-09-10T16:08:07.977636+00:00,2026-09-10,SRLN,SELL,4.0,40.49,ibkr_paper,execId=00012ec5.6b551541.01.01 orderRef='' commission=0.024128 time=2026-09-10 13:43:42+00:00
2026-09-10T16:08:07.980843+00:00,2026-09-10,SRLN,SELL,4.0,40.49,ibkr_paper,execId=00012ec5.6b551542.01.01 orderRef='' commission=0.024128 time=2026-09-10 13:43:42+00:00
2026-09-10T16:08:07.983986+00:00,2026-09-10,SRLN,SELL,4.0,40.49,ibkr_paper,execId=00012ec5.6b551543.01.01 orderRef='' commission=0.024128 time=2026-09-10 13:43:42+00:00
2026-09-10T16:08:07.987114+00:00,2026-09-10,SRLN,SELL,4.0,40.49,ibkr_paper,execId=00012ec5.6b551544.01.01 orderRef='' commission=0.024128 time=2026-09-10 13:43:42+00:00
2026-09-10T16:08:07.990310+00:00,2026-09-10,SRLN,SELL,4.0,40.49,ibkr_paper,execId=00012ec5.6b551545.01.01 orderRef='' commission=0.024128 time=2026-09-10 13:43:42+00:00
2026-09-10T16:08:07.993474+00:00,2026-09-10,SRLN,SELL,4.0,40.49,ibkr_paper,execId=00012ec5.6b551546.01.01 orderRef='' commission=0.024128 time=2026-09-10 13:43:42+00:00
2026-09-10T16:08:07.996665+00:00,2026-09-10,SRLN,SELL,4.0,40.49,ibkr_paper,execId=00012ec5.6b551547.01.01 orderRef='' commission=0.024128 time=2026-09-10 13:43:42+00:00
2026-09-10T16:08:07.999907+00:00,2026-09-10,SRLN,SELL,4.0,40.49,ibkr_paper,execId=00012ec5.6b551548.01.01 orderRef='' commission=0.024128 time=2026-09-10 13:43:42+00:00
2026-09-10T16:08:08.003113+00:00,2026-09-10,SRLN,SELL,4.0,40.49,ibkr_paper,execId=00012ec5.6b551549.01.01 orderRef='' commission=0.024128 time=2026-09-10 13:43:42+00:00
2026-09-10T16:08:08.006289+00:00,2026-09-10,SRLN,SELL,4.0,40.49,ibkr_paper,execId=00012ec5.6b55154a.01.01 orderRef='' commission=0.024128 time=2026-09-10 13:43:42+00:00
2026-09-10T16:08:08.009654+00:00,2026-09-10,SRLN,SELL,4.0,40.49,ibkr_paper,execId=00012ec5.6b55154b.01.01 orderRef='' commission=0.024128 time=2026-09-10 13:43:42+00:00
2026-09-10T16:08:08.013052+00:00,2026-09-10,SJNK,SELL,99.0,24.6,ibkr_paper,execId=00012ec5.6b551578.01.01 orderRef='' commission=0.564771 time=2026-09-10 13:43:42+00:00
2026-09-10T16:08:08.016295+00:00,2026-09-10,SRLN,SELL,4.0,40.49,ibkr_paper,execId=00012ec5.6b551579.01.01 orderRef='' commission=0.024128 time=2026-09-10 13:43:42+00:00
2026-09-10T16:08:08.019467+00:00,2026-09-10,SRLN,SELL,4.0,40.49,ibkr_paper,execId=00012ec5.6b55157a.01.01 orderRef='' commission=0.024128 time=2026-09-10 13:43:42+00:00
2026-09-10T16:08:08.022717+00:00,2026-09-10,SRLN,SELL,4.0,40.49,ibkr_paper,execId=00012ec5.6b55157b.01.01 orderRef='' commission=0.024128 time=2026-09-10 13:43:42+00:00
2026-09-10T16:08:08.026207+00:00,2026-09-10,SRLN,SELL,4.0,40.49,ibkr_paper,execId=00012ec5.6b55157c.01.01 orderRef='' commission=0.024128 time=2026-09-10 13:43:42+00:00
2026-09-10T16:08:08.029558+00:00,2026-09-10,SRLN,SELL,4.0,40.49,ibkr_paper,execId=00012ec5.6b55157d.01.01 orderRef='' commission=0.024128 time=2026-09-10 13:43:42+00:00
2026-09-10T16:08:08.032880+00:00,2026-09-10,SRLN,SELL,4.0,40.49,ibkr_paper,execId=00012ec5.6b55157e.01.01 orderRef='' commission=0.024128 time=2026-09-10 13:43:42+00:00
2026-09-10T16:08:08.036236+00:00,2026-09-10,SRLN,SELL,4.0,40.49,ibkr_paper,execId=00012ec5.6b55157f.01.01 orderRef='' commission=0.024128 time=2026-09-10 13:43:42+00:00
2026-09-10T16:08:08.039707+00:00,2026-09-10,SRLN,SELL,4.0,40.49,ibkr_paper,execId=00012ec5.6b551580.01.01 orderRef='' commission=0.024128 time=2026-09-10 13:43:42+00:00
2026-09-10T16:08:08.043050+00:00,2026-09-10,SRLN,SELL,4.0,40.49,ibkr_paper,execId=00012ec5.6b551581.01.01 orderRef='' commission=0.024128 time=2026-09-10 13:43:42+00:00
2026-09-10T16:08:08.046387+00:00,2026-09-10,SRLN,SELL,4.0,40.49,ibkr_paper,execId=00012ec5.6b551582.01.01 orderRef='' commission=0.024128 time=2026-09-10 13:43:42+00:00
2026-09-10T16:08:08.049700+00:00,2026-09-10,SRLN,SELL,4.0,40.49,ibkr_paper,execId=00012ec5.6b551583.01.01 orderRef='' commission=0.024128 time=2026-09-10 13:43:42+00:00
2026-09-10T16:08:08.053001+00:00,2026-09-10,SRLN,SELL,4.0,40.49,ibkr_paper,execId=00012ec5.6b551584.01.01 orderRef='' commission=0.024128 time=2026-09-10 13:43:42+00:00
2026-09-10T16:08:08.056299+00:00,2026-09-10,SRLN,SELL,4.0,40.49,ibkr_paper,execId=00012ec5.6b551585.01.01 orderRef='' commission=0.024128 time=2026-09-10 13:43:42+00:00
2026-09-10T16:08:08.059608+00:00,2026-09-10,SRLN,SELL,4.0,40.49,ibkr_paper,execId=00012ec5.6b551586.01.01 orderRef='' commission=0.024128 time=2026-09-10 13:43:42+00:00
2026-09-10T16:08:08.062916+00:00,2026-09-10,SHYG,BUY,36.0,42.02,ibkr_paper,execId=00012ec5.6b5515ca.01.01 orderRef='' commission=0.180108 time=2026-09-10 13:43:42+00:00
2026-09-10T16:08:08.066271+00:00,2026-09-10,SHYG,BUY,12.0,42.02,ibkr_paper,execId=00012ec5.6b5515cb.01.01 orderRef='' commission=0.060036 time=2026-09-10 13:43:42+00:00
2026-09-10T16:08:08.069631+00:00,2026-09-10,SHYG,BUY,12.0,42.02,ibkr_paper,execId=00012ec5.6b5515cc.01.01 orderRef='' commission=0.060036 time=2026-09-10 13:43:42+00:00
2026-09-10T16:08:08.072980+00:00,2026-09-10,SRLN,SELL,4.0,40.49,ibkr_paper,execId=00012ec5.6b5515da.01.01 orderRef='' commission=0.024128 time=2026-09-10 13:43:43+00:00
2026-09-10T16:08:08.076319+00:00,2026-09-10,SRLN,SELL,4.0,40.49,ibkr_paper,execId=00012ec5.6b5515db.01.01 orderRef='' commission=0.024128 time=2026-09-10 13:43:43+00:00
2026-09-10T16:08:08.079670+00:00,2026-09-10,SRLN,SELL,4.0,40.49,ibkr_paper,execId=00012ec5.6b5515dc.01.01 orderRef='' commission=0.024128 time=2026-09-10 13:43:43+00:00
2026-09-10T16:08:08.083006+00:00,2026-09-10,SRLN,SELL,4.0,40.49,ibkr_paper,execId=00012ec5.6b5515dd.01.01 orderRef='' commission=0.024128 time=2026-09-10 13:43:43+00:00
2026-09-10T16:08:08.087303+00:00,2026-09-10,SRLN,SELL,4.0,40.49,ibkr_paper,execId=00012ec5.6b5515de.01.01 orderRef='' commission=0.024128 time=2026-09-10 13:43:43+00:00
2026-09-10T16:08:08.091958+00:00,2026-09-10,SRLN,SELL,4.0,40.49,ibkr_paper,execId=00012ec5.6b5515df.01.01 orderRef='' commission=0.024128 time=2026-09-10 13:43:43+00:00
2026-09-10T16:08:08.095603+00:00,2026-09-10,SRLN,SELL,4.0,40.49,ibkr_paper,execId=00012ec5.6b5515e0.01.01 orderRef='' commission=0.024128 time=2026-09-10 13:43:43+00:00
2026-09-10T16:08:08.099175+00:00,2026-09-10,SRLN,SELL,4.0,40.49,ibkr_paper,execId=00012ec5.6b5515e1.01.01 orderRef='' commission=0.024128 time=2026-09-10 13:43:43+00:00
2026-09-10T16:08:08.102576+00:00,2026-09-10,SRLN,SELL,4.0,40.49,ibkr_paper,execId=00012ec5.6b5515e2.01.01 orderRef='' commission=0.024128 time=2026-09-10 13:43:43+00:00
2026-09-10T16:08:08.105938+00:00,2026-09-10,SRLN,SELL,4.0,40.49,ibkr_paper,execId=00012ec5.6b5515e3.01.01 orderRef='' commission=0.024128 time=2026-09-10 13:43:43+00:00
2026-09-10T16:08:08.109349+00:00,2026-09-10,SRLN,SELL,4.0,40.49,ibkr_paper,execId=00012ec5.6b5515e4.01.01 orderRef='' commission=0.024128 time=2026-09-10 13:43:43+00:00
2026-09-10T16:08:08.112735+00:00,2026-09-10,SRLN,SELL,4.0,40.49,ibkr_paper,execId=00012ec5.6b5515e5.01.01 orderRef='' commission=0.024128 time=2026-09-10 13:43:43+00:00
2026-09-10T16:08:08.116118+00:00,2026-09-10,SRLN,SELL,4.0,40.49,ibkr_paper,execId=00012ec5.6b5515e6.01.01 orderRef='' commission=0.024128 time=2026-09-10 13:43:43+00:00
2026-09-10T16:08:08.119652+00:00,2026-09-10,SRLN,SELL,4.0,40.49,ibkr_paper,execId=00012ec5.6b5515e7.01.01 orderRef='' commission=0.024128 time=2026-09-10 13:43:43+00:00
2026-09-10T16:08:08.123376+00:00,2026-09-10,SRLN,SELL,4.0,40.49,ibkr_paper,execId=00012ec5.6b5515e8.01.01 orderRef='' commission=0.024128 time=2026-09-10 13:43:43+00:00
2026-09-10T16:08:08.127032+00:00,2026-09-10,SRLN,SELL,4.0,40.49,ibkr_paper,execId=00012ec5.6b5515e9.01.01 orderRef='' commission=0.024128 time=2026-09-10 13:43:43+00:00
2026-09-10T16:08:08.130572+00:00,2026-09-10,VCSH,SELL,1.0,77.9,ibkr_paper,execId=00012ec5.6b5515fb.01.01 orderRef='' commission=0.006803 time=2026-09-10 13:43:43+00:00
2026-09-10T16:08:08.134017+00:00,2026-09-10,VCSH,SELL,1.0,77.9,ibkr_paper,execId=00012ec5.6b5515fc.01.01 orderRef='' commission=0.006803 time=2026-09-10 13:43:43+00:00
2026-09-10T16:08:08.137451+00:00,2026-09-10,VCSH,SELL,1.0,77.9,ibkr_paper,execId=00012ec5.6b5515fd.01.01 orderRef='' commission=0.006803 time=2026-09-10 13:43:43+00:00
2026-09-10T16:08:08.140928+00:00,2026-09-10,VCSH,SELL,1.0,77.9,ibkr_paper,execId=00012ec5.6b5515fe.01.01 orderRef='' commission=0.006803 time=2026-09-10 13:43:43+00:00
2026-09-10T16:08:08.144377+00:00,2026-09-10,VCSH,SELL,1.0,77.9,ibkr_paper,execId=00012ec5.6b5515ff.01.01 orderRef='' commission=0.006803 time=2026-09-10 13:43:43+00:00
2026-09-10T16:08:08.147813+00:00,2026-09-10,VCSH,SELL,1.0,77.9,ibkr_paper,execId=00012ec5.6b551600.01.01 orderRef='' commission=0.006803 time=2026-09-10 13:43:43+00:00
2026-09-10T16:08:08.151350+00:00,2026-09-10,VCSH,SELL,1.0,77.9,ibkr_paper,execId=00012ec5.6b551601.01.01 orderRef='' commission=0.006803 time=2026-09-10 13:43:43+00:00
2026-09-10T16:08:08.154758+00:00,2026-09-10,VCSH,SELL,1.0,77.9,ibkr_paper,execId=00012ec5.6b551602.01.01 orderRef='' commission=0.006803 time=2026-09-10 13:43:43+00:00
2026-09-10T16:08:08.158166+00:00,2026-09-10,VCSH,SELL,1.0,77.9,ibkr_paper,execId=00012ec5.6b551603.01.01 orderRef='' commission=0.006803 time=2026-09-10 13:43:43+00:00
2026-09-10T16:08:08.161597+00:00,2026-09-10,VCSH,SELL,1.0,77.9,ibkr_paper,execId=00012ec5.6b551604.01.01 orderRef='' commission=0.006803 time=2026-09-10 13:43:43+00:00
2026-09-10T16:08:08.165943+00:00,2026-09-10,VCSH,SELL,1.0,77.9,ibkr_paper,execId=00012ec5.6b551605.01.01 orderRef='' commission=0.006803 time=2026-09-10 13:43:43+00:00
2026-09-10T16:08:08.169496+00:00,2026-09-10,SRLN,SELL,380.0,40.49,ibkr_paper,execId=00012ec5.6b55167d.01.01 orderRef='' commission=2.292196 time=2026-09-10 13:43:44+00:00
2026-09-10T16:08:08.173686+00:00,2026-09-10,SRLN,SELL,4.0,40.49,ibkr_paper,execId=00012ec5.6b55167e.01.01 orderRef='' commission=0.024128 time=2026-09-10 13:43:44+00:00
2026-09-10T16:08:08.178543+00:00,2026-09-10,SRLN,SELL,4.0,40.49,ibkr_paper,execId=00012ec5.6b55167f.01.01 orderRef='' commission=0.024128 time=2026-09-10 13:43:44+00:00
2026-09-10T16:08:08.182275+00:00,2026-09-10,SRLN,SELL,4.0,40.49,ibkr_paper,execId=00012ec5.6b551680.01.01 orderRef='' commission=0.024128 time=2026-09-10 13:43:44+00:00
2026-09-10T16:08:08.185805+00:00,2026-09-10,SRLN,SELL,4.0,40.49,ibkr_paper,execId=00012ec5.6b551681.01.01 orderRef='' commission=0.024128 time=2026-09-10 13:43:44+00:00
2026-09-10T16:08:08.189288+00:00,2026-09-10,SRLN,SELL,4.0,40.49,ibkr_paper,execId=00012ec5.6b551682.01.01 orderRef='' commission=0.024128 time=2026-09-10 13:43:44+00:00
2026-09-10T16:08:08.192892+00:00,2026-09-10,SRLN,SELL,4.0,40.49,ibkr_paper,execId=00012ec5.6b551683.01.01 orderRef='' commission=0.024128 time=2026-09-10 13:43:44+00:00
2026-09-10T16:08:08.196602+00:00,2026-09-10,SRLN,SELL,4.0,40.49,ibkr_paper,execId=00012ec5.6b551684.01.01 orderRef='' commission=0.024128 time=2026-09-10 13:43:44+00:00
2026-09-10T16:08:08.200140+00:00,2026-09-10,SRLN,SELL,4.0,40.49,ibkr_paper,execId=00012ec5.6b551685.01.01 orderRef='' commission=0.024128 time=2026-09-10 13:43:44+00:00
2026-09-10T16:08:08.203677+00:00,2026-09-10,SRLN,SELL,4.0,40.49,ibkr_paper,execId=00012ec5.6b551686.01.01 orderRef='' commission=0.024128 time=2026-09-10 13:43:44+00:00
2026-09-10T16:08:08.207207+00:00,2026-09-10,SRLN,SELL,4.0,40.49,ibkr_paper,execId=00012ec5.6b551687.01.01 orderRef='' commission=0.024128 time=2026-09-10 13:43:44+00:00
2026-09-10T16:08:08.210700+00:00,2026-09-10,SRLN,SELL,4.0,40.49,ibkr_paper,execId=00012ec5.6b551688.01.01 orderRef='' commission=0.024128 time=2026-09-10 13:43:44+00:00
2026-09-10T16:08:08.214251+00:00,2026-09-10,SRLN,SELL,4.0,40.49,ibkr_paper,execId=00012ec5.6b551689.01.01 orderRef='' commission=0.024128 time=2026-09-10 13:43:44+00:00
2026-09-10T16:08:08.217874+00:00,2026-09-10,SRLN,SELL,4.0,40.49,ibkr_paper,execId=00012ec5.6b55168a.01.01 orderRef='' commission=0.024128 time=2026-09-10 13:43:44+00:00
2026-09-10T16:08:08.221748+00:00,2026-09-10,SRLN,SELL,4.0,40.49,ibkr_paper,execId=00012ec5.6b55168b.01.01 orderRef='' commission=0.024128 time=2026-09-10 13:43:44+00:00
2026-09-10T16:08:08.225624+00:00,2026-09-10,VCSH,SELL,1.0,77.9,ibkr_paper,execId=00012ec5.6b551713.01.01 orderRef='' commission=0.006803 time=2026-09-10 13:43:45+00:00
2026-09-10T16:08:08.229318+00:00,2026-09-10,VCSH,SELL,1.0,77.9,ibkr_paper,execId=00012ec5.6b551714.01.01 orderRef='' commission=0.006803 time=2026-09-10 13:43:45+00:00
2026-09-10T16:08:08.232962+00:00,2026-09-10,VCSH,SELL,1.0,77.9,ibkr_paper,execId=00012ec5.6b551715.01.01 orderRef='' commission=0.006803 time=2026-09-10 13:43:45+00:00
2026-09-10T16:08:08.236583+00:00,2026-09-10,VCSH,SELL,1.0,77.9,ibkr_paper,execId=00012ec5.6b551716.01.01 orderRef='' commission=0.006803 time=2026-09-10 13:43:45+00:00
2026-09-10T16:08:08.240356+00:00,2026-09-10,VCSH,SELL,1.0,77.9,ibkr_paper,execId=00012ec5.6b551717.01.01 orderRef='' commission=0.006803 time=2026-09-10 13:43:45+00:00
2026-09-10T16:08:08.244038+00:00,2026-09-10,VCSH,SELL,1.0,77.9,ibkr_paper,execId=00012ec5.6b551718.01.01 orderRef='' commission=0.006803 time=2026-09-10 13:43:45+00:00
2026-09-10T16:08:08.247649+00:00,2026-09-10,VCSH,SELL,1.0,77.9,ibkr_paper,execId=00012ec5.6b551719.01.01 orderRef='' commission=0.006803 time=2026-09-10 13:43:45+00:00
2026-09-10T16:08:08.251272+00:00,2026-09-10,SRLN,SELL,4.0,40.49,ibkr_paper,execId=00012ec5.6b55178a.01.01 orderRef='' commission=0.024128 time=2026-09-10 13:43:47+00:00
2026-09-10T16:08:08.255138+00:00,2026-09-10,SRLN,SELL,4.0,40.49,ibkr_paper,execId=00012ec5.6b55178b.01.01 orderRef='' commission=0.024128 time=2026-09-10 13:43:47+00:00
2026-09-10T16:08:08.259004+00:00,2026-09-10,SRLN,SELL,4.0,40.49,ibkr_paper,execId=00012ec5.6b55178c.01.01 orderRef='' commission=0.024128 time=2026-09-10 13:43:47+00:00
2026-09-10T16:08:08.262673+00:00,2026-09-10,BKLN,BUY,792.0,20.6,ibkr_paper,execId=00012ec5.6b5517cb.01.01 orderRef='' commission=3.962376 time=2026-09-10 13:43:48+00:00
2026-09-10T16:08:08.266299+00:00,2026-09-10,BKLN,BUY,8.0,20.6,ibkr_paper,execId=00012ec5.6b551854.01.01 orderRef='' commission=0.040024 time=2026-09-10 13:43:49+00:00
2026-09-10T16:08:08.269988+00:00,2026-09-10,VCSH,SELL,97.0,77.9,ibkr_paper,execId=00012ec5.6b551946.01.01 orderRef='' commission=0.659866 time=2026-09-10 13:43:51+00:00
2026-09-10T16:08:08.273667+00:00,2026-09-10,SRLN,SELL,4.0,40.49,ibkr_paper,execId=00012ec5.6b5519a5.01.01 orderRef='' commission=0.024128 time=2026-09-10 13:43:52+00:00
2026-09-10T16:08:08.277334+00:00,2026-09-10,BKLN,BUY,8.0,20.6,ibkr_paper,execId=00012ec5.6b5519eb.01.01 orderRef='' commission=0.040024 time=2026-09-10 13:43:53+00:00
2026-09-10T16:08:08.281139+00:00,2026-09-10,SRLN,SELL,4.0,40.49,ibkr_paper,execId=00012ec5.6b551a30.01.01 orderRef='' commission=0.024128 time=2026-09-10 13:43:55+00:00
2026-09-10T16:08:08.284851+00:00,2026-09-10,SRLN,SELL,4.0,40.49,ibkr_paper,execId=00012ec5.6b551a8b.01.01 orderRef='' commission=0.024128 time=2026-09-10 13:43:56+00:00
2026-09-10T16:08:08.288534+00:00,2026-09-10,SRLN,SELL,4.0,40.49,ibkr_paper,execId=00012ec5.6b551b0b.01.01 orderRef='' commission=0.024128 time=2026-09-10 13:43:57+00:00
2026-09-10T16:08:08.292204+00:00,2026-09-10,SRLN,SELL,4.0,40.49,ibkr_paper,execId=00012ec5.6b551b5c.01.01 orderRef='' commission=0.024128 time=2026-09-10 13:43:58+00:00
2026-09-10T16:08:08.295913+00:00,2026-09-10,BKLN,BUY,8.0,20.6,ibkr_paper,execId=00012ec5.6b551bd7.01.01 orderRef='' commission=0.040024 time=2026-09-10 13:43:59+00:00
2026-09-10T16:08:08.299664+00:00,2026-09-10,SRLN,SELL,4.0,40.49,ibkr_paper,execId=00012ec5.6b551c2e.01.01 orderRef='' commission=0.024128 time=2026-09-10 13:44:01+00:00
2026-09-10T16:08:08.303639+00:00,2026-09-10,SRLN,SELL,4.0,40.49,ibkr_paper,execId=00012ec5.6b551c89.01.01 orderRef='' commission=0.024128 time=2026-09-10 13:44:02+00:00
2026-09-10T16:08:08.307570+00:00,2026-09-10,VCSH,SELL,1.0,77.9,ibkr_paper,execId=00012ec5.6b551cbb.01.01 orderRef='' commission=0.006803 time=2026-09-10 13:44:03+00:00
2026-09-10T16:08:08.311457+00:00,2026-09-10,SRLN,SELL,4.0,40.49,ibkr_paper,execId=00012ec5.6b551cfc.01.01 orderRef='' commission=0.024128 time=2026-09-10 13:44:05+00:00
2026-09-10T16:08:08.315254+00:00,2026-09-10,SJNK,SELL,100.0,24.63,ibkr_paper,execId=00012ec5.6b551d3f.01.01 orderRef='' commission=0.570538 time=2026-09-10 13:44:06+00:00
2026-09-10T16:08:08.319044+00:00,2026-09-10,BKLN,BUY,8.0,20.6,ibkr_paper,execId=00012ec5.6b551d79.01.01 orderRef='' commission=0.040024 time=2026-09-10 13:44:07+00:00
2026-09-10T16:08:08.322801+00:00,2026-09-10,SRLN,SELL,4.0,40.49,ibkr_paper,execId=00012ec5.6b551dcd.01.01 orderRef='' commission=0.024128 time=2026-09-10 13:44:09+00:00
2026-09-10T16:08:08.326872+00:00,2026-09-10,SRLN,SELL,4.0,40.49,ibkr_paper,execId=00012ec5.6b551e3f.01.01 orderRef='' commission=0.024128 time=2026-09-10 13:44:10+00:00
2026-09-10T16:08:08.330829+00:00,2026-09-10,SRLN,SELL,4.0,40.49,ibkr_paper,execId=00012ec5.6b551ea2.01.01 orderRef='' commission=0.024128 time=2026-09-10 13:44:12+00:00
2026-09-10T16:08:08.334640+00:00,2026-09-10,SRLN,SELL,4.0,40.49,ibkr_paper,execId=00012ec5.6b551ed9.01.01 orderRef='' commission=0.024128 time=2026-09-10 13:44:13+00:00
2026-09-10T16:08:08.338398+00:00,2026-09-10,SRLN,SELL,364.0,40.49,ibkr_paper,execId=00012ec5.6b551f0a.01.01 orderRef='' commission=2.195682 time=2026-09-10 13:44:14+00:00
2026-09-10T16:08:08.342175+00:00,2026-09-10,BKLN,BUY,272.0,20.6,ibkr_paper,execId=00012ec5.6b551f73.01.01 orderRef='' commission=1.360816 time=2026-09-10 13:44:15+00:00
2026-09-10T16:08:08.345934+00:00,2026-09-10,VCSH,SELL,97.0,77.9,ibkr_paper,execId=00012ec5.6b552003.01.01 orderRef='' commission=0.659866 time=2026-09-10 13:44:17+00:00
2026-09-10T16:08:08.349690+00:00,2026-09-10,VCSH,SELL,59.0,77.9,ibkr_paper,execId=00012ec5.6b552069.01.01 orderRef='' commission=0.401362 time=2026-09-10 13:44:18+00:00
2026-09-10T16:08:08.353495+00:00,2026-09-10,BKLN,BUY,8.0,20.6,ibkr_paper,execId=00012ec5.6b5520ce.01.01 orderRef='' commission=0.040024 time=2026-09-10 13:44:19+00:00
2026-09-10T16:08:08.357472+00:00,2026-09-10,SRLN,SELL,4.0,40.49,ibkr_paper,execId=00012ec5.6b55211d.01.01 orderRef='' commission=0.024128 time=2026-09-10 13:44:21+00:00
2026-09-10T16:08:08.361499+00:00,2026-09-10,SRLN,SELL,4.0,40.49,ibkr_paper,execId=00012ec5.6b55216f.01.01 orderRef='' commission=0.024128 time=2026-09-10 13:44:22+00:00
2026-09-10T16:08:08.365342+00:00,2026-09-10,SJNK,SELL,100.0,24.63,ibkr_paper,execId=00012ec5.6b5521dc.01.01 orderRef='' commission=0.570538 time=2026-09-10 13:44:23+00:00
2026-09-10T16:08:08.369206+00:00,2026-09-10,VCSH,SELL,12.0,77.9,ibkr_paper,execId=00012ec5.6b552208.01.01 orderRef='' commission=0.081633 time=2026-09-10 13:44:24+00:00
2026-09-10T16:08:08.373039+00:00,2026-09-10,BKLN,BUY,80.0,20.6,ibkr_paper,execId=00012ec5.6b552260.01.01 orderRef='' commission=0.40024 time=2026-09-10 13:44:25+00:00
2026-09-10T16:08:08.376819+00:00,2026-09-10,SRLN,SELL,4.0,40.49,ibkr_paper,execId=00012ec5.6b5522bd.01.01 orderRef='' commission=0.024128 time=2026-09-10 13:44:27+00:00
2026-09-10T16:08:08.380592+00:00,2026-09-10,BKLN,BUY,8.0,20.6,ibkr_paper,execId=00012ec5.6b55231c.01.01 orderRef='' commission=0.040024 time=2026-09-10 13:44:28+00:00
2026-09-10T16:08:08.384362+00:00,2026-09-10,SRLN,SELL,4.0,40.49,ibkr_paper,execId=00012ec5.6b5523a6.01.01 orderRef='' commission=0.024128 time=2026-09-10 13:44:30+00:00
2026-09-10T16:08:08.388145+00:00,2026-09-10,SJNK,SELL,100.0,24.63,ibkr_paper,execId=00012ec5.6b552409.01.01 orderRef='' commission=0.570538 time=2026-09-10 13:44:31+00:00
2026-09-10T16:08:08.391988+00:00,2026-09-10,SJNK,SELL,100.0,24.63,ibkr_paper,execId=00012ec5.6b552485.01.01 orderRef='' commission=0.570538 time=2026-09-10 13:44:33+00:00
2026-09-10T16:08:08.395821+00:00,2026-09-10,SRLN,SELL,4.0,40.49,ibkr_paper,execId=00012ec5.6b552502.01.01 orderRef='' commission=0.024128 time=2026-09-10 13:44:35+00:00
2026-09-10T16:08:08.399603+00:00,2026-09-10,SRLN,SELL,372.0,40.49,ibkr_paper,execId=00012ec5.6b552503.01.01 orderRef='' commission=2.243939 time=2026-09-10 13:44:35+00:00
2026-09-10T16:08:08.403474+00:00,2026-09-10,SRLN,SELL,4.0,40.49,ibkr_paper,execId=00012ec5.6b552514.01.01 orderRef='' commission=0.024128 time=2026-09-10 13:44:35+00:00
2026-09-10T16:08:08.407347+00:00,2026-09-10,SRLN,SELL,360.0,40.49,ibkr_paper,execId=00012ec5.6b552515.01.01 orderRef='' commission=2.171554 time=2026-09-10 13:44:35+00:00
2026-09-10T16:08:08.411151+00:00,2026-09-10,SRLN,SELL,4.0,40.49,ibkr_paper,execId=00012ec5.6b552516.01.01 orderRef='' commission=0.024128 time=2026-09-10 13:44:35+00:00
2026-09-10T16:08:08.415076+00:00,2026-09-10,SRLN,SELL,4.0,40.49,ibkr_paper,execId=00012ec5.6b552517.01.01 orderRef='' commission=0.024128 time=2026-09-10 13:44:35+00:00
2026-09-10T16:08:08.419108+00:00,2026-09-10,SRLN,SELL,4.0,40.49,ibkr_paper,execId=00012ec5.6b552518.01.01 orderRef='' commission=0.024128 time=2026-09-10 13:44:35+00:00
2026-09-10T16:08:08.423101+00:00,2026-09-10,SRLN,SELL,4.0,40.49,ibkr_paper,execId=00012ec5.6b552519.01.01 orderRef='' commission=0.024128 time=2026-09-10 13:44:35+00:00
2026-09-10T16:08:08.427085+00:00,2026-09-10,SRLN,SELL,4.0,40.49,ibkr_paper,execId=00012ec5.6b55251a.01.01 orderRef='' commission=0.024128 time=2026-09-10 13:44:35+00:00
2026-09-10T16:08:08.431046+00:00,2026-09-10,SRLN,SELL,4.0,40.49,ibkr_paper,execId=00012ec5.6b55251b.01.01 orderRef='' commission=0.024128 time=2026-09-10 13:44:35+00:00
2026-09-10T16:08:08.435012+00:00,2026-09-10,SRLN,SELL,4.0,40.49,ibkr_paper,execId=00012ec5.6b55251c.01.01 orderRef='' commission=0.024128 time=2026-09-10 13:44:35+00:00
2026-09-10T16:08:08.438975+00:00,2026-09-10,SRLN,SELL,4.0,40.49,ibkr_paper,execId=00012ec5.6b55251d.01.01 orderRef='' commission=0.024128 time=2026-09-10 13:44:35+00:00
2026-09-10T16:08:08.442930+00:00,2026-09-10,SRLN,SELL,4.0,40.49,ibkr_paper,execId=00012ec5.6b55251e.01.01 orderRef='' commission=0.024128 time=2026-09-10 13:44:35+00:00
2026-09-10T16:08:08.446977+00:00,2026-09-10,SRLN,SELL,4.0,40.49,ibkr_paper,execId=00012ec5.6b55251f.01.01 orderRef='' commission=0.024128 time=2026-09-10 13:44:35+00:00
2026-09-10T16:08:08.451440+00:00,2026-09-10,SRLN,SELL,4.0,40.49,ibkr_paper,execId=00012ec5.6b552520.01.01 orderRef='' commission=0.024128 time=2026-09-10 13:44:35+00:00
2026-09-10T16:08:08.455682+00:00,2026-09-10,SRLN,SELL,4.0,40.49,ibkr_paper,execId=00012ec5.6b552521.01.01 orderRef='' commission=0.024128 time=2026-09-10 13:44:35+00:00
2026-09-10T16:08:08.459729+00:00,2026-09-10,SRLN,SELL,4.0,40.49,ibkr_paper,execId=00012ec5.6b552522.01.01 orderRef='' commission=0.024128 time=2026-09-10 13:44:35+00:00
2026-09-10T16:08:08.463769+00:00,2026-09-10,SRLN,SELL,4.0,40.49,ibkr_paper,execId=00012ec5.6b552523.01.01 orderRef='' commission=0.024128 time=2026-09-10 13:44:35+00:00
2026-09-10T16:08:08.467811+00:00,2026-09-10,SRLN,SELL,4.0,40.49,ibkr_paper,execId=00012ec5.6b552524.01.01 orderRef='' commission=0.024128 time=2026-09-10 13:44:35+00:00
2026-09-10T16:08:08.472111+00:00,2026-09-10,SRLN,SELL,4.0,40.49,ibkr_paper,execId=00012ec5.6b552525.01.01 orderRef='' commission=0.024128 time=2026-09-10 13:44:35+00:00
2026-09-10T16:08:08.476559+00:00,2026-09-10,SRLN,SELL,4.0,40.49,ibkr_paper,execId=00012ec5.6b552526.01.01 orderRef='' commission=0.024128 time=2026-09-10 13:44:35+00:00
2026-09-10T16:08:08.480696+00:00,2026-09-10,SRLN,SELL,4.0,40.49,ibkr_paper,execId=00012ec5.6b552527.01.01 orderRef='' commission=0.024128 time=2026-09-10 13:44:35+00:00
2026-09-10T16:08:08.484818+00:00,2026-09-10,SRLN,SELL,4.0,40.49,ibkr_paper,execId=00012ec5.6b552528.01.01 orderRef='' commission=0.024128 time=2026-09-10 13:44:35+00:00
2026-09-10T16:08:08.488915+00:00,2026-09-10,SRLN,SELL,4.0,40.49,ibkr_paper,execId=00012ec5.6b552529.01.01 orderRef='' commission=0.024128 time=2026-09-10 13:44:35+00:00
2026-09-10T16:08:08.493016+00:00,2026-09-10,SRLN,SELL,4.0,40.49,ibkr_paper,execId=00012ec5.6b55252a.01.01 orderRef='' commission=0.024128 time=2026-09-10 13:44:35+00:00
2026-09-10T16:08:08.497106+00:00,2026-09-10,SRLN,SELL,4.0,40.49,ibkr_paper,execId=00012ec5.6b55252b.01.01 orderRef='' commission=0.024128 time=2026-09-10 13:44:35+00:00
2026-09-10T16:08:08.501231+00:00,2026-09-10,SRLN,SELL,4.0,40.49,ibkr_paper,execId=00012ec5.6b55252c.01.01 orderRef='' commission=0.024128 time=2026-09-10 13:44:35+00:00
2026-09-10T16:08:08.505308+00:00,2026-09-10,SRLN,SELL,4.0,40.49,ibkr_paper,execId=00012ec5.6b55252d.01.01 orderRef='' commission=0.024128 time=2026-09-10 13:44:35+00:00
2026-09-10T16:08:08.509458+00:00,2026-09-10,SRLN,SELL,4.0,40.49,ibkr_paper,execId=00012ec5.6b55252e.01.01 orderRef='' commission=0.024128 time=2026-09-10 13:44:35+00:00
2026-09-10T16:08:08.513542+00:00,2026-09-10,SRLN,SELL,4.0,40.49,ibkr_paper,execId=00012ec5.6b55252f.01.01 orderRef='' commission=0.024128 time=2026-09-10 13:44:35+00:00
2026-09-10T16:08:08.517667+00:00,2026-09-10,SRLN,SELL,4.0,40.49,ibkr_paper,execId=00012ec5.6b552530.01.01 orderRef='' commission=0.024128 time=2026-09-10 13:44:35+00:00
2026-09-10T16:08:08.521880+00:00,2026-09-10,SRLN,SELL,4.0,40.49,ibkr_paper,execId=00012ec5.6b552531.01.01 orderRef='' commission=0.024128 time=2026-09-10 13:44:35+00:00
2026-09-10T16:08:08.526185+00:00,2026-09-10,SRLN,SELL,4.0,40.49,ibkr_paper,execId=00012ec5.6b552532.01.01 orderRef='' commission=0.024128 time=2026-09-10 13:44:35+00:00
2026-09-10T16:08:08.530678+00:00,2026-09-10,SRLN,SELL,4.0,40.49,ibkr_paper,execId=00012ec5.6b552533.01.01 orderRef='' commission=0.024128 time=2026-09-10 13:44:35+00:00
2026-09-10T16:08:08.534941+00:00,2026-09-10,SRLN,SELL,94.0,40.49,ibkr_paper,execId=00012ec5.6b552571.01.01 orderRef='' commission=0.567017 time=2026-09-10 13:44:37+00:00
2026-09-10T16:08:08.539077+00:00,2026-09-10,SRLN,SELL,4.0,40.49,ibkr_paper,execId=00012ec5.6b552572.01.01 orderRef='' commission=0.024128 time=2026-09-10 13:44:37+00:00
2026-09-10T16:08:08.543255+00:00,2026-09-10,SRLN,SELL,4.0,40.49,ibkr_paper,execId=00012ec5.6b552573.01.01 orderRef='' commission=0.024128 time=2026-09-10 13:44:37+00:00
2026-09-10T16:08:08.547435+00:00,2026-09-10,SRLN,SELL,4.0,40.49,ibkr_paper,execId=00012ec5.6b552574.01.01 orderRef='' commission=0.024128 time=2026-09-10 13:44:37+00:00
2026-09-10T16:08:08.551627+00:00,2026-09-10,SRLN,SELL,4.0,40.49,ibkr_paper,execId=00012ec5.6b552575.01.01 orderRef='' commission=0.024128 time=2026-09-10 13:44:37+00:00
2026-09-10T16:08:08.555779+00:00,2026-09-10,SRLN,SELL,4.0,40.49,ibkr_paper,execId=00012ec5.6b552576.01.01 orderRef='' commission=0.024128 time=2026-09-10 13:44:37+00:00
2026-09-10T16:08:08.559963+00:00,2026-09-10,SRLN,SELL,4.0,40.49,ibkr_paper,execId=00012ec5.6b552577.01.01 orderRef='' commission=0.024128 time=2026-09-10 13:44:37+00:00
2026-09-10T16:08:08.564185+00:00,2026-09-10,SRLN,SELL,4.0,40.49,ibkr_paper,execId=00012ec5.6b552578.01.01 orderRef='' commission=0.024128 time=2026-09-10 13:44:37+00:00
2026-09-10T16:08:08.570373+00:00,2026-09-10,SRLN,SELL,4.0,40.49,ibkr_paper,execId=00012ec5.6b552579.01.01 orderRef='' commission=0.024128 time=2026-09-10 13:44:37+00:00
2026-09-10T16:08:08.574611+00:00,2026-09-10,SRLN,SELL,4.0,40.49,ibkr_paper,execId=00012ec5.6b55257a.01.01 orderRef='' commission=0.024128 time=2026-09-10 13:44:37+00:00
2026-09-10T16:08:08.578780+00:00,2026-09-10,SRLN,SELL,4.0,40.49,ibkr_paper,execId=00012ec5.6b55257b.01.01 orderRef='' commission=0.024128 time=2026-09-10 13:44:37+00:00
2026-09-10T16:08:08.582987+00:00,2026-09-10,SRLN,SELL,270.0,40.49,ibkr_paper,execId=00012ec5.6b55259b.01.01 orderRef='' commission=1.628665 time=2026-09-10 13:44:37+00:00
2026-09-10T16:08:08.587214+00:00,2026-09-10,SRLN,SELL,4.0,40.49,ibkr_paper,execId=00012ec5.6b55259c.01.01 orderRef='' commission=0.024128 time=2026-09-10 13:44:37+00:00
2026-09-10T16:08:08.591412+00:00,2026-09-10,SRLN,SELL,4.0,40.49,ibkr_paper,execId=00012ec5.6b55259d.01.01 orderRef='' commission=0.024128 time=2026-09-10 13:44:37+00:00
2026-09-10T16:08:08.595634+00:00,2026-09-10,SRLN,SELL,4.0,40.49,ibkr_paper,execId=00012ec5.6b55259e.01.01 orderRef='' commission=0.024128 time=2026-09-10 13:44:37+00:00
2026-09-10T16:08:08.599864+00:00,2026-09-10,SRLN,SELL,4.0,40.49,ibkr_paper,execId=00012ec5.6b55259f.01.01 orderRef='' commission=0.024128 time=2026-09-10 13:44:37+00:00
2026-09-10T16:08:08.604093+00:00,2026-09-10,SRLN,SELL,4.0,40.49,ibkr_paper,execId=00012ec5.6b5525a0.01.01 orderRef='' commission=0.024128 time=2026-09-10 13:44:37+00:00
2026-09-10T16:08:08.608319+00:00,2026-09-10,SRLN,SELL,4.0,40.49,ibkr_paper,execId=00012ec5.6b5525a1.01.01 orderRef='' commission=0.024128 time=2026-09-10 13:44:37+00:00
2026-09-10T16:08:08.612568+00:00,2026-09-10,SRLN,SELL,4.0,40.49,ibkr_paper,execId=00012ec5.6b5525a2.01.01 orderRef='' commission=0.024128 time=2026-09-10 13:44:37+00:00
2026-09-10T16:08:08.616790+00:00,2026-09-10,SRLN,SELL,4.0,40.49,ibkr_paper,execId=00012ec5.6b5525a3.01.01 orderRef='' commission=0.024128 time=2026-09-10 13:44:37+00:00
2026-09-10T16:08:08.621084+00:00,2026-09-10,SRLN,SELL,4.0,40.49,ibkr_paper,execId=00012ec5.6b5525a4.01.01 orderRef='' commission=0.024128 time=2026-09-10 13:44:37+00:00
2026-09-10T16:08:08.625353+00:00,2026-09-10,SRLN,SELL,4.0,40.49,ibkr_paper,execId=00012ec5.6b5525a5.01.01 orderRef='' commission=0.024128 time=2026-09-10 13:44:37+00:00
2026-09-10T16:08:08.629602+00:00,2026-09-10,SJNK,SELL,1.0,24.63,ibkr_paper,execId=00012ec5.6b5525a6.01.01 orderRef='' commission=0.005705 time=2026-09-10 13:44:37+00:00
2026-09-10T16:08:08.633899+00:00,2026-09-10,SJNK,SELL,1.0,24.63,ibkr_paper,execId=00012ec5.6b5525a7.01.01 orderRef='' commission=0.005705 time=2026-09-10 13:44:37+00:00
2026-09-10T16:08:08.638169+00:00,2026-09-10,SJNK,SELL,1.0,24.63,ibkr_paper,execId=00012ec5.6b5525a8.01.01 orderRef='' commission=0.005705 time=2026-09-10 13:44:37+00:00
2026-09-10T16:08:08.642420+00:00,2026-09-10,SJNK,SELL,1.0,24.63,ibkr_paper,execId=00012ec5.6b5525a9.01.01 orderRef='' commission=0.005705 time=2026-09-10 13:44:37+00:00
2026-09-10T16:08:08.646736+00:00,2026-09-10,SJNK,SELL,1.0,24.63,ibkr_paper,execId=00012ec5.6b5525aa.01.01 orderRef='' commission=0.005705 time=2026-09-10 13:44:37+00:00
2026-09-10T16:08:08.651095+00:00,2026-09-10,SJNK,SELL,1.0,24.63,ibkr_paper,execId=00012ec5.6b5525ab.01.01 orderRef='' commission=0.005705 time=2026-09-10 13:44:37+00:00
2026-09-10T16:08:08.655567+00:00,2026-09-10,SJNK,SELL,1.0,24.63,ibkr_paper,execId=00012ec5.6b5525ac.01.01 orderRef='' commission=0.005705 time=2026-09-10 13:44:37+00:00
2026-09-10T16:08:08.659947+00:00,2026-09-10,SJNK,SELL,1.0,24.63,ibkr_paper,execId=00012ec5.6b5525ad.01.01 orderRef='' commission=0.005705 time=2026-09-10 13:44:37+00:00
2026-09-10T16:08:08.664640+00:00,2026-09-10,SJNK,SELL,1.0,24.63,ibkr_paper,execId=00012ec5.6b5525ae.01.01 orderRef='' commission=0.005705 time=2026-09-10 13:44:37+00:00
2026-09-10T16:08:08.668999+00:00,2026-09-10,SJNK,SELL,1.0,24.63,ibkr_paper,execId=00012ec5.6b5525af.01.01 orderRef='' commission=0.005705 time=2026-09-10 13:44:37+00:00
2026-09-10T16:08:08.673362+00:00,2026-09-10,SJNK,SELL,1.0,24.63,ibkr_paper,execId=00012ec5.6b5525b0.01.01 orderRef='' commission=0.005705 time=2026-09-10 13:44:37+00:00
2026-09-10T16:08:08.677711+00:00,2026-09-10,SJNK,SELL,1.0,24.63,ibkr_paper,execId=00012ec5.6b5525b1.01.01 orderRef='' commission=0.005705 time=2026-09-10 13:44:37+00:00
2026-09-10T16:08:08.682061+00:00,2026-09-10,SJNK,SELL,1.0,24.63,ibkr_paper,execId=00012ec5.6b5525b2.01.01 orderRef='' commission=0.005705 time=2026-09-10 13:44:37+00:00
2026-09-10T16:08:08.687387+00:00,2026-09-10,SJNK,SELL,1.0,24.63,ibkr_paper,execId=00012ec5.6b5525b3.01.01 orderRef='' commission=0.005705 time=2026-09-10 13:44:37+00:00
2026-09-10T16:08:08.692740+00:00,2026-09-10,SRLN,SELL,4.0,40.49,ibkr_paper,execId=00012ec5.6b552622.01.01 orderRef='' commission=0.024128 time=2026-09-10 13:44:39+00:00
2026-09-10T16:08:08.697599+00:00,2026-09-10,SRLN,SELL,4.0,40.49,ibkr_paper,execId=00012ec5.6b552623.01.01 orderRef='' commission=0.024128 time=2026-09-10 13:44:39+00:00
2026-09-10T16:08:08.702077+00:00,2026-09-10,SRLN,SELL,4.0,40.49,ibkr_paper,execId=00012ec5.6b552624.01.01 orderRef='' commission=0.024128 time=2026-09-10 13:44:39+00:00
2026-09-10T16:08:08.706464+00:00,2026-09-10,SRLN,SELL,4.0,40.49,ibkr_paper,execId=00012ec5.6b552625.01.01 orderRef='' commission=0.024128 time=2026-09-10 13:44:39+00:00
2026-09-10T16:08:08.710847+00:00,2026-09-10,SRLN,SELL,4.0,40.49,ibkr_paper,execId=00012ec5.6b552626.01.01 orderRef='' commission=0.024128 time=2026-09-10 13:44:39+00:00
2026-09-10T16:08:08.715242+00:00,2026-09-10,SRLN,SELL,4.0,40.49,ibkr_paper,execId=00012ec5.6b552627.01.01 orderRef='' commission=0.024128 time=2026-09-10 13:44:39+00:00
2026-09-10T16:08:08.719649+00:00,2026-09-10,SRLN,SELL,4.0,40.49,ibkr_paper,execId=00012ec5.6b552628.01.01 orderRef='' commission=0.024128 time=2026-09-10 13:44:39+00:00
2026-09-10T16:08:08.724008+00:00,2026-09-10,SRLN,SELL,4.0,40.49,ibkr_paper,execId=00012ec5.6b552629.01.01 orderRef='' commission=0.024128 time=2026-09-10 13:44:39+00:00
2026-09-10T16:08:08.728395+00:00,2026-09-10,SRLN,SELL,4.0,40.49,ibkr_paper,execId=00012ec5.6b55262a.01.01 orderRef='' commission=0.024128 time=2026-09-10 13:44:39+00:00
2026-09-10T16:08:08.732788+00:00,2026-09-10,SRLN,SELL,4.0,40.49,ibkr_paper,execId=00012ec5.6b55262b.01.01 orderRef='' commission=0.024128 time=2026-09-10 13:44:39+00:00
2026-09-10T16:08:08.737163+00:00,2026-09-10,SJNK,SELL,1.0,24.63,ibkr_paper,execId=00012ec5.6b55263e.01.01 orderRef='' commission=0.005705 time=2026-09-10 13:44:39+00:00
2026-09-10T16:08:08.741595+00:00,2026-09-10,SJNK,SELL,1.0,24.63,ibkr_paper,execId=00012ec5.6b55263f.01.01 orderRef='' commission=0.005705 time=2026-09-10 13:44:39+00:00
2026-09-10T16:08:08.745973+00:00,2026-09-10,SJNK,SELL,1.0,24.63,ibkr_paper,execId=00012ec5.6b552640.01.01 orderRef='' commission=0.005705 time=2026-09-10 13:44:39+00:00
2026-09-10T16:08:08.750363+00:00,2026-09-10,SJNK,SELL,1.0,24.63,ibkr_paper,execId=00012ec5.6b552641.01.01 orderRef='' commission=0.005705 time=2026-09-10 13:44:39+00:00
2026-09-10T16:08:08.754842+00:00,2026-09-10,SJNK,SELL,1.0,24.63,ibkr_paper,execId=00012ec5.6b552642.01.01 orderRef='' commission=0.005705 time=2026-09-10 13:44:39+00:00
2026-09-10T16:08:08.759515+00:00,2026-09-10,SJNK,SELL,1.0,24.63,ibkr_paper,execId=00012ec5.6b552643.01.01 orderRef='' commission=0.005705 time=2026-09-10 13:44:39+00:00
2026-09-10T16:08:08.764098+00:00,2026-09-10,SJNK,SELL,1.0,24.63,ibkr_paper,execId=00012ec5.6b552644.01.01 orderRef='' commission=0.005705 time=2026-09-10 13:44:39+00:00
2026-09-10T16:08:08.768628+00:00,2026-09-10,SJNK,SELL,1.0,24.63,ibkr_paper,execId=00012ec5.6b552645.01.01 orderRef='' commission=0.005705 time=2026-09-10 13:44:39+00:00
2026-09-10T16:08:08.773146+00:00,2026-09-10,SJNK,SELL,1.0,24.63,ibkr_paper,execId=00012ec5.6b552646.01.01 orderRef='' commission=0.005705 time=2026-09-10 13:44:39+00:00
2026-09-10T16:08:08.777671+00:00,2026-09-10,SJNK,SELL,1.0,24.63,ibkr_paper,execId=00012ec5.6b552647.01.01 orderRef='' commission=0.005705 time=2026-09-10 13:44:39+00:00
2026-09-10T16:08:08.782501+00:00,2026-09-10,SJNK,SELL,1.0,24.63,ibkr_paper,execId=00012ec5.6b552648.01.01 orderRef='' commission=0.005705 time=2026-09-10 13:44:39+00:00
2026-09-10T16:08:08.787193+00:00,2026-09-10,SJNK,SELL,1.0,24.63,ibkr_paper,execId=00012ec5.6b552649.01.01 orderRef='' commission=0.005705 time=2026-09-10 13:44:39+00:00
2026-09-10T16:08:08.791977+00:00,2026-09-10,SJNK,SELL,1.0,24.63,ibkr_paper,execId=00012ec5.6b55264a.01.01 orderRef='' commission=0.005705 time=2026-09-10 13:44:39+00:00
2026-09-10T16:08:08.796625+00:00,2026-09-10,SJNK,SELL,1.0,24.63,ibkr_paper,execId=00012ec5.6b55264b.01.01 orderRef='' commission=0.005705 time=2026-09-10 13:44:39+00:00
2026-09-10T16:08:08.801278+00:00,2026-09-10,SRLN,SELL,4.0,40.49,ibkr_paper,execId=00012ec5.6b5526a8.01.01 orderRef='' commission=0.024128 time=2026-09-10 13:44:41+00:00
2026-09-10T16:08:08.805980+00:00,2026-09-10,SRLN,SELL,4.0,40.49,ibkr_paper,execId=00012ec5.6b5526a9.01.01 orderRef='' commission=0.024128 time=2026-09-10 13:44:41+00:00
2026-09-10T16:08:08.810683+00:00,2026-09-10,SRLN,SELL,4.0,40.49,ibkr_paper,execId=00012ec5.6b5526aa.01.01 orderRef='' commission=0.024128 time=2026-09-10 13:44:41+00:00
2026-09-10T16:08:08.815363+00:00,2026-09-10,SRLN,SELL,4.0,40.49,ibkr_paper,execId=00012ec5.6b5526ab.01.01 orderRef='' commission=0.024128 time=2026-09-10 13:44:41+00:00
2026-09-10T16:08:08.820138+00:00,2026-09-10,SRLN,SELL,4.0,40.49,ibkr_paper,execId=00012ec5.6b5526ac.01.01 orderRef='' commission=0.024128 time=2026-09-10 13:44:41+00:00
2026-09-10T16:08:08.824880+00:00,2026-09-10,SRLN,SELL,4.0,40.49,ibkr_paper,execId=00012ec5.6b5526ad.01.01 orderRef='' commission=0.024128 time=2026-09-10 13:44:41+00:00
2026-09-10T16:08:08.829617+00:00,2026-09-10,SRLN,SELL,4.0,40.49,ibkr_paper,execId=00012ec5.6b5526ae.01.01 orderRef='' commission=0.024128 time=2026-09-10 13:44:41+00:00
2026-09-10T16:08:08.834309+00:00,2026-09-10,SRLN,SELL,4.0,40.49,ibkr_paper,execId=00012ec5.6b5526af.01.01 orderRef='' commission=0.024128 time=2026-09-10 13:44:41+00:00
2026-09-10T16:08:08.838989+00:00,2026-09-10,SRLN,SELL,4.0,40.49,ibkr_paper,execId=00012ec5.6b5526b0.01.01 orderRef='' commission=0.024128 time=2026-09-10 13:44:41+00:00
2026-09-10T16:08:08.843542+00:00,2026-09-10,SJNK,SELL,1.0,24.63,ibkr_paper,execId=00012ec5.6b5526b2.01.01 orderRef='' commission=0.005705 time=2026-09-10 13:44:41+00:00
2026-09-10T16:08:08.848119+00:00,2026-09-10,SRLN,SELL,4.0,40.49,ibkr_paper,execId=00012ec5.6b5526b1.01.01 orderRef='' commission=0.024128 time=2026-09-10 13:44:41+00:00
2026-09-10T16:08:08.852693+00:00,2026-09-10,SJNK,SELL,1.0,24.63,ibkr_paper,execId=00012ec5.6b5526b3.01.01 orderRef='' commission=0.005705 time=2026-09-10 13:44:41+00:00
2026-09-10T16:08:08.857290+00:00,2026-09-10,SJNK,SELL,1.0,24.63,ibkr_paper,execId=00012ec5.6b5526b4.01.01 orderRef='' commission=0.005705 time=2026-09-10 13:44:41+00:00
2026-09-10T16:08:08.861898+00:00,2026-09-10,SJNK,SELL,1.0,24.63,ibkr_paper,execId=00012ec5.6b5526b5.01.01 orderRef='' commission=0.005705 time=2026-09-10 13:44:41+00:00
2026-09-10T16:08:08.866494+00:00,2026-09-10,SJNK,SELL,1.0,24.63,ibkr_paper,execId=00012ec5.6b5526b6.01.01 orderRef='' commission=0.005705 time=2026-09-10 13:44:41+00:00
2026-09-10T16:08:08.871096+00:00,2026-09-10,SJNK,SELL,1.0,24.63,ibkr_paper,execId=00012ec5.6b5526b7.01.01 orderRef='' commission=0.005705 time=2026-09-10 13:44:41+00:00
2026-09-10T16:08:08.875706+00:00,2026-09-10,SJNK,SELL,1.0,24.63,ibkr_paper,execId=00012ec5.6b5526b8.01.01 orderRef='' commission=0.005705 time=2026-09-10 13:44:41+00:00
2026-09-10T16:08:08.880337+00:00,2026-09-10,SJNK,SELL,1.0,24.63,ibkr_paper,execId=00012ec5.6b5526b9.01.01 orderRef='' commission=0.005705 time=2026-09-10 13:44:41+00:00
2026-09-10T16:08:08.885066+00:00,2026-09-10,SJNK,SELL,1.0,24.63,ibkr_paper,execId=00012ec5.6b5526ba.01.01 orderRef='' commission=0.005705 time=2026-09-10 13:44:41+00:00
2026-09-10T16:08:08.890169+00:00,2026-09-10,SJNK,SELL,1.0,24.63,ibkr_paper,execId=00012ec5.6b5526bb.01.01 orderRef='' commission=0.005705 time=2026-09-10 13:44:41+00:00
2026-09-10T16:08:08.895259+00:00,2026-09-10,SJNK,SELL,1.0,24.63,ibkr_paper,execId=00012ec5.6b5526bc.01.01 orderRef='' commission=0.005705 time=2026-09-10 13:44:41+00:00
2026-09-10T16:08:08.900072+00:00,2026-09-10,SJNK,SELL,1.0,24.63,ibkr_paper,execId=00012ec5.6b5526bd.01.01 orderRef='' commission=0.005705 time=2026-09-10 13:44:41+00:00
2026-09-10T16:08:08.904896+00:00,2026-09-10,SJNK,SELL,1.0,24.63,ibkr_paper,execId=00012ec5.6b5526be.01.01 orderRef='' commission=0.005705 time=2026-09-10 13:44:41+00:00
2026-09-10T16:08:08.909698+00:00,2026-09-10,SJNK,SELL,1.0,24.63,ibkr_paper,execId=00012ec5.6b5526bf.01.01 orderRef='' commission=0.005705 time=2026-09-10 13:44:41+00:00
2026-09-10T16:08:08.914384+00:00,2026-09-10,SRLN,SELL,4.0,40.49,ibkr_paper,execId=00012ec5.6b552726.01.01 orderRef='' commission=0.024128 time=2026-09-10 13:44:43+00:00
2026-09-10T16:08:08.919289+00:00,2026-09-10,SRLN,SELL,4.0,40.49,ibkr_paper,execId=00012ec5.6b552727.01.01 orderRef='' commission=0.024128 time=2026-09-10 13:44:43+00:00
2026-09-10T16:08:08.924110+00:00,2026-09-10,SRLN,SELL,4.0,40.49,ibkr_paper,execId=00012ec5.6b552728.01.01 orderRef='' commission=0.024128 time=2026-09-10 13:44:43+00:00
2026-09-10T16:08:08.928864+00:00,2026-09-10,SRLN,SELL,4.0,40.49,ibkr_paper,execId=00012ec5.6b552729.01.01 orderRef='' commission=0.024128 time=2026-09-10 13:44:43+00:00
2026-09-10T16:08:08.933536+00:00,2026-09-10,SRLN,SELL,4.0,40.49,ibkr_paper,execId=00012ec5.6b55272a.01.01 orderRef='' commission=0.024128 time=2026-09-10 13:44:43+00:00
2026-09-10T16:08:08.938191+00:00,2026-09-10,SRLN,SELL,4.0,40.49,ibkr_paper,execId=00012ec5.6b55272b.01.01 orderRef='' commission=0.024128 time=2026-09-10 13:44:43+00:00
2026-09-10T16:08:08.942839+00:00,2026-09-10,SRLN,SELL,4.0,40.49,ibkr_paper,execId=00012ec5.6b55272c.01.01 orderRef='' commission=0.024128 time=2026-09-10 13:44:43+00:00
2026-09-10T16:08:08.947472+00:00,2026-09-10,SRLN,SELL,4.0,40.49,ibkr_paper,execId=00012ec5.6b55272d.01.01 orderRef='' commission=0.024128 time=2026-09-10 13:44:43+00:00
2026-09-10T16:08:08.952101+00:00,2026-09-10,SRLN,SELL,4.0,40.49,ibkr_paper,execId=00012ec5.6b55272e.01.01 orderRef='' commission=0.024128 time=2026-09-10 13:44:43+00:00
2026-09-10T16:08:08.956785+00:00,2026-09-10,SRLN,SELL,4.0,40.49,ibkr_paper,execId=00012ec5.6b55272f.01.01 orderRef='' commission=0.024128 time=2026-09-10 13:44:43+00:00
2026-09-10T16:08:08.961709+00:00,2026-09-10,SJNK,SELL,1.0,24.63,ibkr_paper,execId=00012ec5.6b552718.01.01 orderRef='' commission=0.005705 time=2026-09-10 13:44:43+00:00
2026-09-10T16:08:08.966565+00:00,2026-09-10,SJNK,SELL,1.0,24.63,ibkr_paper,execId=00012ec5.6b552719.01.01 orderRef='' commission=0.005705 time=2026-09-10 13:44:43+00:00
2026-09-10T16:08:08.971572+00:00,2026-09-10,SJNK,SELL,1.0,24.63,ibkr_paper,execId=00012ec5.6b55271a.01.01 orderRef='' commission=0.005705 time=2026-09-10 13:44:43+00:00
2026-09-10T16:08:08.976366+00:00,2026-09-10,SJNK,SELL,1.0,24.63,ibkr_paper,execId=00012ec5.6b55271b.01.01 orderRef='' commission=0.005705 time=2026-09-10 13:44:43+00:00
2026-09-10T16:08:08.981274+00:00,2026-09-10,SJNK,SELL,1.0,24.63,ibkr_paper,execId=00012ec5.6b55271c.01.01 orderRef='' commission=0.005705 time=2026-09-10 13:44:43+00:00
2026-09-10T16:08:08.986268+00:00,2026-09-10,SJNK,SELL,1.0,24.63,ibkr_paper,execId=00012ec5.6b55271d.01.01 orderRef='' commission=0.005705 time=2026-09-10 13:44:43+00:00
2026-09-10T16:08:08.991037+00:00,2026-09-10,SJNK,SELL,1.0,24.63,ibkr_paper,execId=00012ec5.6b55271e.01.01 orderRef='' commission=0.005705 time=2026-09-10 13:44:43+00:00
2026-09-10T16:08:08.995858+00:00,2026-09-10,SJNK,SELL,1.0,24.63,ibkr_paper,execId=00012ec5.6b55271f.01.01 orderRef='' commission=0.005705 time=2026-09-10 13:44:43+00:00
2026-09-10T16:08:09.000649+00:00,2026-09-10,SJNK,SELL,1.0,24.63,ibkr_paper,execId=00012ec5.6b552720.01.01 orderRef='' commission=0.005705 time=2026-09-10 13:44:43+00:00
2026-09-10T16:08:09.005423+00:00,2026-09-10,SJNK,SELL,1.0,24.63,ibkr_paper,execId=00012ec5.6b552721.01.01 orderRef='' commission=0.005705 time=2026-09-10 13:44:43+00:00
2026-09-10T16:08:09.010189+00:00,2026-09-10,SJNK,SELL,1.0,24.63,ibkr_paper,execId=00012ec5.6b552722.01.01 orderRef='' commission=0.005705 time=2026-09-10 13:44:43+00:00
2026-09-10T16:08:09.014937+00:00,2026-09-10,SJNK,SELL,1.0,24.63,ibkr_paper,execId=00012ec5.6b552723.01.01 orderRef='' commission=0.005705 time=2026-09-10 13:44:43+00:00
2026-09-10T16:08:09.019671+00:00,2026-09-10,SJNK,SELL,1.0,24.63,ibkr_paper,execId=00012ec5.6b552724.01.01 orderRef='' commission=0.005705 time=2026-09-10 13:44:43+00:00
2026-09-10T16:08:09.024415+00:00,2026-09-10,SJNK,SELL,1.0,24.63,ibkr_paper,execId=00012ec5.6b552725.01.01 orderRef='' commission=0.005705 time=2026-09-10 13:44:43+00:00
2026-09-10T16:08:09.029286+00:00,2026-09-10,SRLN,SELL,4.0,40.49,ibkr_paper,execId=00012ec5.6b55278e.01.01 orderRef='' commission=0.024128 time=2026-09-10 13:44:45+00:00
2026-09-10T16:08:09.034317+00:00,2026-09-10,SRLN,SELL,4.0,40.49,ibkr_paper,execId=00012ec5.6b55278f.01.01 orderRef='' commission=0.024128 time=2026-09-10 13:44:45+00:00
2026-09-10T16:08:09.039065+00:00,2026-09-10,SRLN,SELL,4.0,40.49,ibkr_paper,execId=00012ec5.6b552790.01.01 orderRef='' commission=0.024128 time=2026-09-10 13:44:45+00:00
2026-09-10T16:08:09.043862+00:00,2026-09-10,SRLN,SELL,4.0,40.49,ibkr_paper,execId=00012ec5.6b552791.01.01 orderRef='' commission=0.024128 time=2026-09-10 13:44:45+00:00
2026-09-10T16:08:09.049037+00:00,2026-09-10,SRLN,SELL,4.0,40.49,ibkr_paper,execId=00012ec5.6b552792.01.01 orderRef='' commission=0.024128 time=2026-09-10 13:44:45+00:00
2026-09-10T16:08:09.054066+00:00,2026-09-10,SRLN,SELL,4.0,40.49,ibkr_paper,execId=00012ec5.6b552793.01.01 orderRef='' commission=0.024128 time=2026-09-10 13:44:45+00:00
2026-09-10T16:08:09.058906+00:00,2026-09-10,SRLN,SELL,4.0,40.49,ibkr_paper,execId=00012ec5.6b552794.01.01 orderRef='' commission=0.024128 time=2026-09-10 13:44:45+00:00
2026-09-10T16:08:09.063748+00:00,2026-09-10,SRLN,SELL,4.0,40.49,ibkr_paper,execId=00012ec5.6b552795.01.01 orderRef='' commission=0.024128 time=2026-09-10 13:44:45+00:00
2026-09-10T16:08:09.068571+00:00,2026-09-10,SRLN,SELL,4.0,40.49,ibkr_paper,execId=00012ec5.6b552796.01.01 orderRef='' commission=0.024128 time=2026-09-10 13:44:45+00:00
2026-09-10T16:08:09.073345+00:00,2026-09-10,SRLN,SELL,4.0,40.49,ibkr_paper,execId=00012ec5.6b552797.01.01 orderRef='' commission=0.024128 time=2026-09-10 13:44:45+00:00
2026-09-10T16:08:09.081770+00:00,2026-09-10,SRLN,SELL,4.0,40.49,ibkr_paper,execId=00012ec5.6b5527b6.01.01 orderRef='' commission=0.024128 time=2026-09-10 13:44:45+00:00
2026-09-10T16:08:09.087341+00:00,2026-09-10,SJNK,SELL,96.0,24.63,ibkr_paper,execId=00012ec5.6b5527a8.01.01 orderRef='' commission=0.547716 time=2026-09-10 13:44:45+00:00
2026-09-10T16:08:09.096153+00:00,2026-09-10,SJNK,SELL,1.0,24.63,ibkr_paper,execId=00012ec5.6b5527a9.01.01 orderRef='' commission=0.005705 time=2026-09-10 13:44:45+00:00
2026-09-10T16:08:09.105307+00:00,2026-09-10,SJNK,SELL,1.0,24.63,ibkr_paper,execId=00012ec5.6b5527aa.01.01 orderRef='' commission=0.005705 time=2026-09-10 13:44:45+00:00
2026-09-10T16:08:09.112819+00:00,2026-09-10,SJNK,SELL,1.0,24.63,ibkr_paper,execId=00012ec5.6b5527ab.01.01 orderRef='' commission=0.005705 time=2026-09-10 13:44:45+00:00
2026-09-10T16:08:09.119087+00:00,2026-09-10,SJNK,SELL,1.0,24.63,ibkr_paper,execId=00012ec5.6b5527ac.01.01 orderRef='' commission=0.005705 time=2026-09-10 13:44:45+00:00
2026-09-10T16:08:09.124879+00:00,2026-09-10,SJNK,SELL,1.0,24.63,ibkr_paper,execId=00012ec5.6b5527ad.01.01 orderRef='' commission=0.005705 time=2026-09-10 13:44:45+00:00
2026-09-10T16:08:09.130941+00:00,2026-09-10,SJNK,SELL,1.0,24.63,ibkr_paper,execId=00012ec5.6b5527ae.01.01 orderRef='' commission=0.005705 time=2026-09-10 13:44:45+00:00
2026-09-10T16:08:09.137383+00:00,2026-09-10,SJNK,SELL,1.0,24.63,ibkr_paper,execId=00012ec5.6b5527af.01.01 orderRef='' commission=0.005705 time=2026-09-10 13:44:45+00:00
2026-09-10T16:08:09.142668+00:00,2026-09-10,SJNK,SELL,1.0,24.63,ibkr_paper,execId=00012ec5.6b5527b0.01.01 orderRef='' commission=0.005705 time=2026-09-10 13:44:45+00:00
2026-09-10T16:08:09.149347+00:00,2026-09-10,SJNK,SELL,1.0,24.63,ibkr_paper,execId=00012ec5.6b5527b1.01.01 orderRef='' commission=0.005705 time=2026-09-10 13:44:45+00:00
2026-09-10T16:08:09.155711+00:00,2026-09-10,SJNK,SELL,1.0,24.63,ibkr_paper,execId=00012ec5.6b5527b2.01.01 orderRef='' commission=0.005705 time=2026-09-10 13:44:45+00:00
2026-09-10T16:08:09.163266+00:00,2026-09-10,SJNK,SELL,1.0,24.63,ibkr_paper,execId=00012ec5.6b5527b3.01.01 orderRef='' commission=0.005705 time=2026-09-10 13:44:45+00:00
2026-09-10T16:08:09.170555+00:00,2026-09-10,SJNK,SELL,1.0,24.63,ibkr_paper,execId=00012ec5.6b5527b4.01.01 orderRef='' commission=0.005705 time=2026-09-10 13:44:45+00:00
2026-09-10T16:08:09.176718+00:00,2026-09-10,SJNK,SELL,1.0,24.63,ibkr_paper,execId=00012ec5.6b5527b5.01.01 orderRef='' commission=0.005705 time=2026-09-10 13:44:45+00:00
2026-09-10T16:08:09.182574+00:00,2026-09-10,SRLN,SELL,4.0,40.49,ibkr_paper,execId=00012ec5.6b5527b7.01.01 orderRef='' commission=0.024128 time=2026-09-10 13:44:45+00:00
2026-09-10T16:08:09.188338+00:00,2026-09-10,SRLN,SELL,4.0,40.49,ibkr_paper,execId=00012ec5.6b5527b8.01.01 orderRef='' commission=0.024128 time=2026-09-10 13:44:45+00:00
2026-09-10T16:08:09.193752+00:00,2026-09-10,SRLN,SELL,4.0,40.49,ibkr_paper,execId=00012ec5.6b5527b9.01.01 orderRef='' commission=0.024128 time=2026-09-10 13:44:45+00:00
2026-09-10T16:08:09.199507+00:00,2026-09-10,SRLN,SELL,4.0,40.49,ibkr_paper,execId=00012ec5.6b5527ba.01.01 orderRef='' commission=0.024128 time=2026-09-10 13:44:45+00:00
2026-09-10T16:08:09.205646+00:00,2026-09-10,SRLN,SELL,4.0,40.49,ibkr_paper,execId=00012ec5.6b5527bb.01.01 orderRef='' commission=0.024128 time=2026-09-10 13:44:45+00:00
2026-09-10T16:08:09.211304+00:00,2026-09-10,SRLN,SELL,4.0,40.49,ibkr_paper,execId=00012ec5.6b5527bc.01.01 orderRef='' commission=0.024128 time=2026-09-10 13:44:45+00:00
2026-09-10T16:08:09.217272+00:00,2026-09-10,SRLN,SELL,4.0,40.49,ibkr_paper,execId=00012ec5.6b5527bd.01.01 orderRef='' commission=0.024128 time=2026-09-10 13:44:45+00:00
2026-09-10T16:08:09.223065+00:00,2026-09-10,SRLN,SELL,4.0,40.49,ibkr_paper,execId=00012ec5.6b5527be.01.01 orderRef='' commission=0.024128 time=2026-09-10 13:44:45+00:00
2026-09-10T16:08:09.228604+00:00,2026-09-10,SRLN,SELL,4.0,40.49,ibkr_paper,execId=00012ec5.6b5527bf.01.01 orderRef='' commission=0.024128 time=2026-09-10 13:44:45+00:00
2026-09-10T16:08:09.234293+00:00,2026-09-10,SRLN,SELL,4.0,40.49,ibkr_paper,execId=00012ec5.6b5527c0.01.01 orderRef='' commission=0.024128 time=2026-09-10 13:44:45+00:00
2026-09-10T16:08:09.239948+00:00,2026-09-10,SRLN,SELL,4.0,40.49,ibkr_paper,execId=00012ec5.6b5527c1.01.01 orderRef='' commission=0.024128 time=2026-09-10 13:44:45+00:00
2026-09-10T16:08:09.246397+00:00,2026-09-10,SRLN,SELL,354.0,40.49,ibkr_paper,execId=00012ec5.6b552804.01.01 orderRef='' commission=2.135361 time=2026-09-10 13:44:47+00:00
2026-09-10T16:08:09.252046+00:00,2026-09-10,SRLN,SELL,4.0,40.49,ibkr_paper,execId=00012ec5.6b552805.01.01 orderRef='' commission=0.024128 time=2026-09-10 13:44:47+00:00
2026-09-10T16:08:09.257583+00:00,2026-09-10,SRLN,SELL,4.0,40.49,ibkr_paper,execId=00012ec5.6b552806.01.01 orderRef='' commission=0.024128 time=2026-09-10 13:44:47+00:00
2026-09-10T16:08:09.263271+00:00,2026-09-10,SRLN,SELL,4.0,40.49,ibkr_paper,execId=00012ec5.6b552807.01.01 orderRef='' commission=0.024128 time=2026-09-10 13:44:47+00:00
2026-09-10T16:08:09.268861+00:00,2026-09-10,SRLN,SELL,4.0,40.49,ibkr_paper,execId=00012ec5.6b552808.01.01 orderRef='' commission=0.024128 time=2026-09-10 13:44:47+00:00
2026-09-10T16:08:09.274216+00:00,2026-09-10,SRLN,SELL,4.0,40.49,ibkr_paper,execId=00012ec5.6b552809.01.01 orderRef='' commission=0.024128 time=2026-09-10 13:44:47+00:00
2026-09-10T16:08:09.279564+00:00,2026-09-10,SRLN,SELL,4.0,40.49,ibkr_paper,execId=00012ec5.6b55280a.01.01 orderRef='' commission=0.024128 time=2026-09-10 13:44:47+00:00
2026-09-10T16:08:09.284855+00:00,2026-09-10,SRLN,SELL,4.0,40.49,ibkr_paper,execId=00012ec5.6b55280b.01.01 orderRef='' commission=0.024128 time=2026-09-10 13:44:47+00:00
2026-09-10T16:08:09.290206+00:00,2026-09-10,SRLN,SELL,4.0,40.49,ibkr_paper,execId=00012ec5.6b55280c.01.01 orderRef='' commission=0.024128 time=2026-09-10 13:44:47+00:00
2026-09-10T16:08:09.295687+00:00,2026-09-10,SRLN,SELL,4.0,40.49,ibkr_paper,execId=00012ec5.6b55280d.01.01 orderRef='' commission=0.024128 time=2026-09-10 13:44:47+00:00
2026-09-10T16:08:09.301330+00:00,2026-09-10,SRLN,SELL,4.0,40.49,ibkr_paper,execId=00012ec5.6b55280e.01.01 orderRef='' commission=0.024128 time=2026-09-10 13:44:47+00:00
2026-09-10T16:08:09.306853+00:00,2026-09-10,SJNK,SELL,1.0,24.63,ibkr_paper,execId=00012ec5.6b55281f.01.01 orderRef='' commission=0.005705 time=2026-09-10 13:44:47+00:00
2026-09-10T16:08:09.312401+00:00,2026-09-10,SJNK,SELL,1.0,24.63,ibkr_paper,execId=00012ec5.6b552820.01.01 orderRef='' commission=0.005705 time=2026-09-10 13:44:47+00:00
2026-09-10T16:08:09.318834+00:00,2026-09-10,SJNK,SELL,1.0,24.63,ibkr_paper,execId=00012ec5.6b552821.01.01 orderRef='' commission=0.005705 time=2026-09-10 13:44:47+00:00
2026-09-10T16:08:09.324550+00:00,2026-09-10,SJNK,SELL,1.0,24.63,ibkr_paper,execId=00012ec5.6b552822.01.01 orderRef='' commission=0.005705 time=2026-09-10 13:44:47+00:00
2026-09-10T16:08:09.330242+00:00,2026-09-10,SJNK,SELL,1.0,24.63,ibkr_paper,execId=00012ec5.6b552823.01.01 orderRef='' commission=0.005705 time=2026-09-10 13:44:47+00:00
2026-09-10T16:08:09.335595+00:00,2026-09-10,SJNK,SELL,1.0,24.63,ibkr_paper,execId=00012ec5.6b552824.01.01 orderRef='' commission=0.005705 time=2026-09-10 13:44:47+00:00
2026-09-10T16:08:09.341562+00:00,2026-09-10,SJNK,SELL,1.0,24.63,ibkr_paper,execId=00012ec5.6b552825.01.01 orderRef='' commission=0.005705 time=2026-09-10 13:44:47+00:00
2026-09-10T16:08:09.347032+00:00,2026-09-10,SJNK,SELL,1.0,24.63,ibkr_paper,execId=00012ec5.6b552826.01.01 orderRef='' commission=0.005705 time=2026-09-10 13:44:47+00:00
2026-09-10T16:08:09.356349+00:00,2026-09-10,SJNK,SELL,1.0,24.63,ibkr_paper,execId=00012ec5.6b552827.01.01 orderRef='' commission=0.005705 time=2026-09-10 13:44:47+00:00
2026-09-10T16:08:09.368709+00:00,2026-09-10,SJNK,SELL,1.0,24.63,ibkr_paper,execId=00012ec5.6b552828.01.01 orderRef='' commission=0.005705 time=2026-09-10 13:44:47+00:00
2026-09-10T16:08:09.378296+00:00,2026-09-10,SJNK,SELL,1.0,24.63,ibkr_paper,execId=00012ec5.6b552829.01.01 orderRef='' commission=0.005705 time=2026-09-10 13:44:47+00:00
2026-09-10T16:08:09.386990+00:00,2026-09-10,SJNK,SELL,1.0,24.63,ibkr_paper,execId=00012ec5.6b55282a.01.01 orderRef='' commission=0.005705 time=2026-09-10 13:44:47+00:00
2026-09-10T16:08:09.393187+00:00,2026-09-10,SJNK,SELL,1.0,24.63,ibkr_paper,execId=00012ec5.6b55282b.01.01 orderRef='' commission=0.005705 time=2026-09-10 13:44:47+00:00
2026-09-10T16:08:09.400520+00:00,2026-09-10,SRLN,SELL,4.0,40.49,ibkr_paper,execId=00012ec5.6b55286c.01.01 orderRef='' commission=0.024128 time=2026-09-10 13:44:49+00:00
2026-09-10T16:08:09.409822+00:00,2026-09-10,SJNK,SELL,1.0,24.63,ibkr_paper,execId=00012ec5.6b55287c.01.01 orderRef='' commission=0.005705 time=2026-09-10 13:44:49+00:00
2026-09-10T16:08:09.416358+00:00,2026-09-10,SJNK,SELL,1.0,24.63,ibkr_paper,execId=00012ec5.6b55287d.01.01 orderRef='' commission=0.005705 time=2026-09-10 13:44:49+00:00
2026-09-10T16:08:09.488217+00:00,2026-09-10,SJNK,SELL,1.0,24.63,ibkr_paper,execId=00012ec5.6b55287e.01.01 orderRef='' commission=0.005705 time=2026-09-10 13:44:49+00:00
2026-09-10T16:08:09.507556+00:00,2026-09-10,SJNK,SELL,1.0,24.63,ibkr_paper,execId=00012ec5.6b55287f.01.01 orderRef='' commission=0.005705 time=2026-09-10 13:44:49+00:00
2026-09-10T16:08:09.513746+00:00,2026-09-10,SJNK,SELL,1.0,24.63,ibkr_paper,execId=00012ec5.6b552880.01.01 orderRef='' commission=0.005705 time=2026-09-10 13:44:49+00:00
2026-09-10T16:08:09.520320+00:00,2026-09-10,SJNK,SELL,1.0,24.63,ibkr_paper,execId=00012ec5.6b552881.01.01 orderRef='' commission=0.005705 time=2026-09-10 13:44:49+00:00
2026-09-10T16:08:09.526413+00:00,2026-09-10,SJNK,SELL,1.0,24.63,ibkr_paper,execId=00012ec5.6b552882.01.01 orderRef='' commission=0.005705 time=2026-09-10 13:44:49+00:00
2026-09-10T16:08:09.532146+00:00,2026-09-10,SJNK,SELL,1.0,24.63,ibkr_paper,execId=00012ec5.6b552883.01.01 orderRef='' commission=0.005705 time=2026-09-10 13:44:49+00:00
2026-09-10T16:08:09.537975+00:00,2026-09-10,SJNK,SELL,1.0,24.63,ibkr_paper,execId=00012ec5.6b552884.01.01 orderRef='' commission=0.005705 time=2026-09-10 13:44:49+00:00
2026-09-10T16:08:09.544068+00:00,2026-09-10,SJNK,SELL,1.0,24.63,ibkr_paper,execId=00012ec5.6b552885.01.01 orderRef='' commission=0.005705 time=2026-09-10 13:44:49+00:00
2026-09-10T16:08:09.549946+00:00,2026-09-10,SJNK,SELL,1.0,24.63,ibkr_paper,execId=00012ec5.6b552886.01.01 orderRef='' commission=0.005705 time=2026-09-10 13:44:49+00:00
2026-09-10T16:08:09.556244+00:00,2026-09-10,SJNK,SELL,1.0,24.63,ibkr_paper,execId=00012ec5.6b552887.01.01 orderRef='' commission=0.005705 time=2026-09-10 13:44:49+00:00
2026-09-10T16:08:09.561973+00:00,2026-09-10,SJNK,SELL,1.0,24.63,ibkr_paper,execId=00012ec5.6b552888.01.01 orderRef='' commission=0.005705 time=2026-09-10 13:44:49+00:00
2026-09-10T16:08:09.567620+00:00,2026-09-10,SRLN,SELL,4.0,40.49,ibkr_paper,execId=00012ec5.6b5528dd.01.01 orderRef='' commission=0.024128 time=2026-09-10 13:44:51+00:00
2026-09-10T16:08:09.573572+00:00,2026-09-10,SRLN,SELL,4.0,40.49,ibkr_paper,execId=00012ec5.6b5528de.01.01 orderRef='' commission=0.024128 time=2026-09-10 13:44:51+00:00
2026-09-10T16:08:09.579361+00:00,2026-09-10,SRLN,SELL,4.0,40.49,ibkr_paper,execId=00012ec5.6b5528df.01.01 orderRef='' commission=0.024128 time=2026-09-10 13:44:51+00:00
2026-09-10T16:08:09.585073+00:00,2026-09-10,SJNK,SELL,1.0,24.63,ibkr_paper,execId=00012ec5.6b5528e0.01.01 orderRef='' commission=0.005705 time=2026-09-10 13:44:51+00:00
2026-09-10T16:08:09.591676+00:00,2026-09-10,SJNK,SELL,1.0,24.63,ibkr_paper,execId=00012ec5.6b5528e1.01.01 orderRef='' commission=0.005705 time=2026-09-10 13:44:51+00:00
2026-09-10T16:08:09.597755+00:00,2026-09-10,SJNK,SELL,1.0,24.63,ibkr_paper,execId=00012ec5.6b5528e2.01.01 orderRef='' commission=0.005705 time=2026-09-10 13:44:51+00:00
2026-09-10T16:08:09.603455+00:00,2026-09-10,SJNK,SELL,1.0,24.63,ibkr_paper,execId=00012ec5.6b5528e3.01.01 orderRef='' commission=0.005705 time=2026-09-10 13:44:51+00:00
2026-09-10T16:08:09.609010+00:00,2026-09-10,SJNK,SELL,1.0,24.63,ibkr_paper,execId=00012ec5.6b5528e4.01.01 orderRef='' commission=0.005705 time=2026-09-10 13:44:51+00:00
2026-09-10T16:08:09.614525+00:00,2026-09-10,SJNK,SELL,1.0,24.63,ibkr_paper,execId=00012ec5.6b5528e5.01.01 orderRef='' commission=0.005705 time=2026-09-10 13:44:51+00:00
2026-09-10T16:08:09.623900+00:00,2026-09-10,SJNK,SELL,1.0,24.63,ibkr_paper,execId=00012ec5.6b5528e6.01.01 orderRef='' commission=0.005705 time=2026-09-10 13:44:51+00:00
2026-09-10T16:08:09.632523+00:00,2026-09-10,SJNK,SELL,1.0,24.63,ibkr_paper,execId=00012ec5.6b5528e7.01.01 orderRef='' commission=0.005705 time=2026-09-10 13:44:51+00:00
2026-09-10T16:08:09.638068+00:00,2026-09-10,SJNK,SELL,1.0,24.63,ibkr_paper,execId=00012ec5.6b5528e8.01.01 orderRef='' commission=0.005705 time=2026-09-10 13:44:51+00:00
2026-09-10T16:08:09.643641+00:00,2026-09-10,SJNK,SELL,1.0,24.63,ibkr_paper,execId=00012ec5.6b5528e9.01.01 orderRef='' commission=0.005705 time=2026-09-10 13:44:51+00:00
2026-09-10T16:08:09.649398+00:00,2026-09-10,SJNK,SELL,1.0,24.63,ibkr_paper,execId=00012ec5.6b5528ea.01.01 orderRef='' commission=0.005705 time=2026-09-10 13:44:51+00:00
2026-09-10T16:08:09.655507+00:00,2026-09-10,SJNK,SELL,1.0,24.63,ibkr_paper,execId=00012ec5.6b5528eb.01.01 orderRef='' commission=0.005705 time=2026-09-10 13:44:51+00:00
2026-09-10T16:08:09.661275+00:00,2026-09-10,SJNK,SELL,1.0,24.63,ibkr_paper,execId=00012ec5.6b5528ec.01.01 orderRef='' commission=0.005705 time=2026-09-10 13:44:51+00:00
2026-09-10T16:08:09.668056+00:00,2026-09-10,SRLN,SELL,4.0,40.49,ibkr_paper,execId=00012ec5.6b55295b.01.01 orderRef='' commission=0.024128 time=2026-09-10 13:44:53+00:00
2026-09-10T16:08:09.674353+00:00,2026-09-10,SRLN,SELL,4.0,40.49,ibkr_paper,execId=00012ec5.6b55295c.01.01 orderRef='' commission=0.024128 time=2026-09-10 13:44:53+00:00
2026-09-10T16:08:09.680261+00:00,2026-09-10,SJNK,SELL,1.0,24.63,ibkr_paper,execId=00012ec5.6b55294e.01.01 orderRef='' commission=0.005705 time=2026-09-10 13:44:53+00:00
2026-09-10T16:08:09.686342+00:00,2026-09-10,SJNK,SELL,1.0,24.63,ibkr_paper,execId=00012ec5.6b55294f.01.01 orderRef='' commission=0.005705 time=2026-09-10 13:44:53+00:00
2026-09-10T16:08:09.692030+00:00,2026-09-10,SJNK,SELL,1.0,24.63,ibkr_paper,execId=00012ec5.6b552950.01.01 orderRef='' commission=0.005705 time=2026-09-10 13:44:53+00:00
2026-09-10T16:08:09.697654+00:00,2026-09-10,SJNK,SELL,1.0,24.63,ibkr_paper,execId=00012ec5.6b552951.01.01 orderRef='' commission=0.005705 time=2026-09-10 13:44:53+00:00
2026-09-10T16:08:09.703082+00:00,2026-09-10,SJNK,SELL,1.0,24.63,ibkr_paper,execId=00012ec5.6b552952.01.01 orderRef='' commission=0.005705 time=2026-09-10 13:44:53+00:00
2026-09-10T16:08:09.708433+00:00,2026-09-10,SJNK,SELL,1.0,24.63,ibkr_paper,execId=00012ec5.6b552953.01.01 orderRef='' commission=0.005705 time=2026-09-10 13:44:53+00:00
2026-09-10T16:08:09.713760+00:00,2026-09-10,SJNK,SELL,1.0,24.63,ibkr_paper,execId=00012ec5.6b552954.01.01 orderRef='' commission=0.005705 time=2026-09-10 13:44:53+00:00
2026-09-10T16:08:09.719150+00:00,2026-09-10,SJNK,SELL,1.0,24.63,ibkr_paper,execId=00012ec5.6b552955.01.01 orderRef='' commission=0.005705 time=2026-09-10 13:44:53+00:00
2026-09-10T16:08:09.724794+00:00,2026-09-10,SJNK,SELL,1.0,24.63,ibkr_paper,execId=00012ec5.6b552956.01.01 orderRef='' commission=0.005705 time=2026-09-10 13:44:53+00:00
2026-09-10T16:08:09.730330+00:00,2026-09-10,SJNK,SELL,1.0,24.63,ibkr_paper,execId=00012ec5.6b552957.01.01 orderRef='' commission=0.005705 time=2026-09-10 13:44:53+00:00
2026-09-10T16:08:09.735963+00:00,2026-09-10,SJNK,SELL,1.0,24.63,ibkr_paper,execId=00012ec5.6b552958.01.01 orderRef='' commission=0.005705 time=2026-09-10 13:44:53+00:00
2026-09-10T16:08:09.741459+00:00,2026-09-10,SJNK,SELL,1.0,24.63,ibkr_paper,execId=00012ec5.6b552959.01.01 orderRef='' commission=0.005705 time=2026-09-10 13:44:53+00:00
2026-09-10T16:08:09.747209+00:00,2026-09-10,SJNK,SELL,1.0,24.63,ibkr_paper,execId=00012ec5.6b55295a.01.01 orderRef='' commission=0.005705 time=2026-09-10 13:44:53+00:00
2026-09-10T16:08:09.752761+00:00,2026-09-10,SJNK,SELL,1.0,24.63,ibkr_paper,execId=00012ec5.6b552983.01.01 orderRef='' commission=0.005705 time=2026-09-10 13:44:55+00:00
2026-09-10T16:08:09.758277+00:00,2026-09-10,SJNK,SELL,1.0,24.63,ibkr_paper,execId=00012ec5.6b552984.01.01 orderRef='' commission=0.005705 time=2026-09-10 13:44:55+00:00
2026-09-10T16:08:09.763797+00:00,2026-09-10,SJNK,SELL,1.0,24.63,ibkr_paper,execId=00012ec5.6b552985.01.01 orderRef='' commission=0.005705 time=2026-09-10 13:44:55+00:00
2026-09-10T16:08:09.769221+00:00,2026-09-10,SJNK,SELL,1.0,24.63,ibkr_paper,execId=00012ec5.6b552986.01.01 orderRef='' commission=0.005705 time=2026-09-10 13:44:55+00:00
2026-09-10T16:08:09.774654+00:00,2026-09-10,SJNK,SELL,1.0,24.63,ibkr_paper,execId=00012ec5.6b552987.01.01 orderRef='' commission=0.005705 time=2026-09-10 13:44:55+00:00
2026-09-10T16:08:09.780309+00:00,2026-09-10,SJNK,SELL,1.0,24.63,ibkr_paper,execId=00012ec5.6b552988.01.01 orderRef='' commission=0.005705 time=2026-09-10 13:44:55+00:00
2026-09-10T16:08:09.785926+00:00,2026-09-10,SJNK,SELL,1.0,24.63,ibkr_paper,execId=00012ec5.6b552989.01.01 orderRef='' commission=0.005705 time=2026-09-10 13:44:55+00:00
2026-09-10T16:08:09.791651+00:00,2026-09-10,SJNK,SELL,1.0,24.63,ibkr_paper,execId=00012ec5.6b55298a.01.01 orderRef='' commission=0.005705 time=2026-09-10 13:44:55+00:00
2026-09-10T16:08:09.797221+00:00,2026-09-10,SJNK,SELL,1.0,24.63,ibkr_paper,execId=00012ec5.6b55298b.01.01 orderRef='' commission=0.005705 time=2026-09-10 13:44:55+00:00
2026-09-10T16:08:09.802712+00:00,2026-09-10,SJNK,SELL,1.0,24.63,ibkr_paper,execId=00012ec5.6b55298c.01.01 orderRef='' commission=0.005705 time=2026-09-10 13:44:55+00:00
2026-09-10T16:08:09.808271+00:00,2026-09-10,SJNK,SELL,1.0,24.63,ibkr_paper,execId=00012ec5.6b55298d.01.01 orderRef='' commission=0.005705 time=2026-09-10 13:44:55+00:00
2026-09-10T16:08:09.814482+00:00,2026-09-10,SJNK,SELL,1.0,24.63,ibkr_paper,execId=00012ec5.6b55298e.01.01 orderRef='' commission=0.005705 time=2026-09-10 13:44:55+00:00
2026-09-10T16:08:09.820503+00:00,2026-09-10,SJNK,SELL,1.0,24.63,ibkr_paper,execId=00012ec5.6b55298f.01.01 orderRef='' commission=0.005705 time=2026-09-10 13:44:55+00:00
2026-09-10T16:08:09.826255+00:00,2026-09-10,SJNK,SELL,1.0,24.63,ibkr_paper,execId=00012ec5.6b5529e8.01.01 orderRef='' commission=0.005705 time=2026-09-10 13:44:57+00:00
2026-09-10T16:08:09.831973+00:00,2026-09-10,SJNK,SELL,1.0,24.63,ibkr_paper,execId=00012ec5.6b5529e9.01.01 orderRef='' commission=0.005705 time=2026-09-10 13:44:57+00:00
2026-09-10T16:08:09.837486+00:00,2026-09-10,SJNK,SELL,1.0,24.63,ibkr_paper,execId=00012ec5.6b5529ea.01.01 orderRef='' commission=0.005705 time=2026-09-10 13:44:57+00:00
2026-09-10T16:08:09.843041+00:00,2026-09-10,SJNK,SELL,1.0,24.63,ibkr_paper,execId=00012ec5.6b5529eb.01.01 orderRef='' commission=0.005705 time=2026-09-10 13:44:57+00:00
2026-09-10T16:08:09.848541+00:00,2026-09-10,SJNK,SELL,1.0,24.63,ibkr_paper,execId=00012ec5.6b5529ec.01.01 orderRef='' commission=0.005705 time=2026-09-10 13:44:57+00:00
2026-09-10T16:08:09.854066+00:00,2026-09-10,SJNK,SELL,1.0,24.63,ibkr_paper,execId=00012ec5.6b5529ed.01.01 orderRef='' commission=0.005705 time=2026-09-10 13:44:57+00:00
2026-09-10T16:08:09.859627+00:00,2026-09-10,SJNK,SELL,1.0,24.63,ibkr_paper,execId=00012ec5.6b5529ee.01.01 orderRef='' commission=0.005705 time=2026-09-10 13:44:57+00:00
2026-09-10T16:08:09.865133+00:00,2026-09-10,SJNK,SELL,1.0,24.63,ibkr_paper,execId=00012ec5.6b5529ef.01.01 orderRef='' commission=0.005705 time=2026-09-10 13:44:57+00:00
2026-09-10T16:08:09.870691+00:00,2026-09-10,SJNK,SELL,1.0,24.63,ibkr_paper,execId=00012ec5.6b5529f0.01.01 orderRef='' commission=0.005705 time=2026-09-10 13:44:57+00:00
2026-09-10T16:08:09.876684+00:00,2026-09-10,SJNK,SELL,1.0,24.63,ibkr_paper,execId=00012ec5.6b5529f1.01.01 orderRef='' commission=0.005705 time=2026-09-10 13:44:57+00:00
2026-09-10T16:08:09.882547+00:00,2026-09-10,SJNK,SELL,1.0,24.63,ibkr_paper,execId=00012ec5.6b5529f2.01.01 orderRef='' commission=0.005705 time=2026-09-10 13:44:57+00:00
2026-09-10T16:08:09.888429+00:00,2026-09-10,SJNK,SELL,1.0,24.63,ibkr_paper,execId=00012ec5.6b5529f3.01.01 orderRef='' commission=0.005705 time=2026-09-10 13:44:57+00:00
2026-09-10T16:08:09.894441+00:00,2026-09-10,SJNK,SELL,1.0,24.63,ibkr_paper,execId=00012ec5.6b5529f4.01.01 orderRef='' commission=0.005705 time=2026-09-10 13:44:57+00:00
2026-09-10T16:08:09.900530+00:00,2026-09-10,SJNK,SELL,89.0,24.63,ibkr_paper,execId=00012ec5.6b552a5c.01.01 orderRef='' commission=0.507779 time=2026-09-10 13:44:59+00:00
2026-09-10T16:08:09.906632+00:00,2026-09-10,SJNK,SELL,1.0,24.63,ibkr_paper,execId=00012ec5.6b552a5d.01.01 orderRef='' commission=0.005705 time=2026-09-10 13:44:59+00:00
2026-09-10T16:08:09.912478+00:00,2026-09-10,SJNK,SELL,1.0,24.63,ibkr_paper,execId=00012ec5.6b552a5e.01.01 orderRef='' commission=0.005705 time=2026-09-10 13:44:59+00:00
2026-09-10T16:08:09.918876+00:00,2026-09-10,SJNK,SELL,1.0,24.63,ibkr_paper,execId=00012ec5.6b552a5f.01.01 orderRef='' commission=0.005705 time=2026-09-10 13:44:59+00:00
2026-09-10T16:08:09.924591+00:00,2026-09-10,SJNK,SELL,1.0,24.63,ibkr_paper,execId=00012ec5.6b552a60.01.01 orderRef='' commission=0.005705 time=2026-09-10 13:44:59+00:00
2026-09-10T16:08:09.930323+00:00,2026-09-10,SJNK,SELL,1.0,24.63,ibkr_paper,execId=00012ec5.6b552a61.01.01 orderRef='' commission=0.005705 time=2026-09-10 13:44:59+00:00
2026-09-10T16:08:09.935961+00:00,2026-09-10,SJNK,SELL,1.0,24.63,ibkr_paper,execId=00012ec5.6b552a62.01.01 orderRef='' commission=0.005705 time=2026-09-10 13:44:59+00:00
2026-09-10T16:08:09.941567+00:00,2026-09-10,SJNK,SELL,1.0,24.63,ibkr_paper,execId=00012ec5.6b552a63.01.01 orderRef='' commission=0.005705 time=2026-09-10 13:44:59+00:00
2026-09-10T16:08:09.947189+00:00,2026-09-10,SJNK,SELL,1.0,24.63,ibkr_paper,execId=00012ec5.6b552a64.01.01 orderRef='' commission=0.005705 time=2026-09-10 13:44:59+00:00
2026-09-10T16:08:09.952854+00:00,2026-09-10,SJNK,SELL,1.0,24.63,ibkr_paper,execId=00012ec5.6b552a65.01.01 orderRef='' commission=0.005705 time=2026-09-10 13:44:59+00:00
2026-09-10T16:08:09.958889+00:00,2026-09-10,SJNK,SELL,1.0,24.63,ibkr_paper,execId=00012ec5.6b552a66.01.01 orderRef='' commission=0.005705 time=2026-09-10 13:44:59+00:00
2026-09-10T16:08:09.964533+00:00,2026-09-10,SJNK,SELL,1.0,24.63,ibkr_paper,execId=00012ec5.6b552a67.01.01 orderRef='' commission=0.005705 time=2026-09-10 13:44:59+00:00
2026-09-10T16:08:09.970151+00:00,2026-09-10,SJNK,SELL,1.0,24.63,ibkr_paper,execId=00012ec5.6b552a68.01.01 orderRef='' commission=0.005705 time=2026-09-10 13:44:59+00:00
2026-09-10T16:08:09.975744+00:00,2026-09-10,SJNK,SELL,825.0,24.63,ibkr_paper,execId=00012ec5.6b552aa2.01.01 orderRef='' commission=4.706937 time=2026-09-10 13:44:59+00:00
