recorded_utc,fill_date,instrument,side,qty,price,source,note
2026-07-31T21:20:41.520187+00:00,2026-07-31,HYG,BUY,541.0,79.45,ibkr_paper,execId=00012ec5.6a6d7dc1.01.01 orderRef='' commission=2.706623 time=2026-07-31 18:45:45+00:00
2026-07-31T21:20:41.524795+00:00,2026-07-31,JNK,BUY,100.0,95.65,ibkr_paper,execId=00012ec5.6a6d7dc2.01.01 orderRef='' commission=1.0003 time=2026-07-31 18:45:46+00:00
2026-07-31T21:20:41.527281+00:00,2026-07-31,JNK,BUY,100.0,95.65,ibkr_paper,execId=00012ec5.6a6d7dc3.01.01 orderRef='' commission=0.0003 time=2026-07-31 18:45:46+00:00
2026-07-31T21:20:41.529211+00:00,2026-07-31,JNK,BUY,100.0,95.65,ibkr_paper,execId=00012ec5.6a6d7dc4.01.01 orderRef='' commission=0.5003 time=2026-07-31 18:45:46+00:00
2026-07-31T21:20:41.533840+00:00,2026-07-31,JNK,BUY,61.0,95.65,ibkr_paper,execId=00012ec5.6a6d7dc5.01.01 orderRef='' commission=0.305183 time=2026-07-31 18:45:46+00:00
2026-07-31T21:20:41.535821+00:00,2026-07-31,JNK,BUY,100.0,95.65,ibkr_paper,execId=00012ec5.6a6d7dc6.01.01 orderRef='' commission=0.5003 time=2026-07-31 18:45:46+00:00
2026-07-31T21:20:41.537451+00:00,2026-07-31,JNK,BUY,100.0,95.65,ibkr_paper,execId=00012ec5.6a6d7dc7.01.01 orderRef='' commission=0.5003 time=2026-07-31 18:45:46+00:00
2026-07-31T21:20:41.539091+00:00,2026-07-31,JNK,BUY,100.0,95.65,ibkr_paper,execId=00012ec5.6a6d7dc8.01.01 orderRef='' commission=0.5003 time=2026-07-31 18:45:46+00:00
2026-07-31T21:20:41.540593+00:00,2026-07-31,JNK,BUY,100.0,95.65,ibkr_paper,execId=00012ec5.6a6d7dc9.01.01 orderRef='' commission=0.5003 time=2026-07-31 18:45:46+00:00
2026-07-31T21:20:41.542062+00:00,2026-07-31,JNK,BUY,200.0,95.65,ibkr_paper,execId=00012ec5.6a6d7dca.01.01 orderRef='' commission=1.0006 time=2026-07-31 18:45:46+00:00
2026-07-31T21:20:41.543512+00:00,2026-07-31,SPHY,BUY,1072.0,23.26,ibkr_paper,execId=00012ec5.6a6d7dcb.01.01 orderRef='' commission=5.363216 time=2026-07-31 18:45:46+00:00
2026-07-31T21:20:41.545061+00:00,2026-07-31,SHYG,BUY,100.0,42.14,ibkr_paper,execId=00012ec5.6a6d7dcc.01.01 orderRef='' commission=1.0003 time=2026-07-31 18:45:46+00:00
2026-07-31T21:20:41.546946+00:00,2026-07-31,SHYG,BUY,58.0,42.14,ibkr_paper,execId=00012ec5.6a6d7dcd.01.01 orderRef='' commission=0.000174 time=2026-07-31 18:45:46+00:00
2026-07-31T21:20:41.548713+00:00,2026-07-31,SHYG,BUY,100.0,42.14,ibkr_paper,execId=00012ec5.6a6d7dce.01.01 orderRef='' commission=0.2903 time=2026-07-31 18:45:46+00:00
2026-07-31T21:20:41.550528+00:00,2026-07-31,SHYG,BUY,100.0,42.14,ibkr_paper,execId=00012ec5.6a6d7dcf.01.01 orderRef='' commission=0.5003 time=2026-07-31 18:45:46+00:00
2026-07-31T21:20:41.552370+00:00,2026-07-31,LQD,SELL,19.0,106.02,ibkr_paper,execId=00012ec5.6a6d7dd0.01.01 orderRef='' commission=1.045258 time=2026-07-31 18:45:46+00:00
2026-07-31T21:20:41.554077+00:00,2026-07-31,LQD,SELL,23.0,106.02,ibkr_paper,execId=00012ec5.6a6d7dd1.01.01 orderRef='' commission=0.054786 time=2026-07-31 18:45:46+00:00
2026-07-31T21:20:41.555860+00:00,2026-07-31,SJNK,SELL,2578.0,24.84,ibkr_paper,execId=00012ec5.6a6d7dd2.01.01 orderRef='' commission=14.719617 time=2026-07-31 18:45:46+00:00
2026-07-31T21:20:41.557528+00:00,2026-07-31,EMB,BUY,100.0,94.68,ibkr_paper,execId=00012ec5.6a6d7dd3.01.01 orderRef='' commission=1.0003 time=2026-07-31 18:45:46+00:00
2026-07-31T21:20:41.559218+00:00,2026-07-31,EMB,BUY,100.0,94.68,ibkr_paper,execId=00012ec5.6a6d7dd4.01.01 orderRef='' commission=0.0003 time=2026-07-31 18:45:46+00:00
2026-07-31T21:20:41.560933+00:00,2026-07-31,EMB,BUY,60.0,94.68,ibkr_paper,execId=00012ec5.6a6d7dd5.01.01 orderRef='' commission=0.30018 time=2026-07-31 18:45:46+00:00
2026-07-31T21:20:41.562611+00:00,2026-07-31,EMB,BUY,100.0,94.68,ibkr_paper,execId=00012ec5.6a6d7dd6.01.01 orderRef='' commission=0.5003 time=2026-07-31 18:45:46+00:00
2026-07-31T21:20:41.564593+00:00,2026-07-31,SRLN,SELL,2484.0,40.4,ibkr_paper,execId=00012ec5.6a6d7dd7.01.01 orderRef='' commission=14.979116 time=2026-07-31 18:45:46+00:00
2026-07-31T21:20:41.566509+00:00,2026-07-31,BKLN,BUY,100.0,20.4,ibkr_paper,execId=00012ec5.6a6d7dd8.01.01 orderRef='' commission=1.0003 time=2026-07-31 18:45:47+00:00
2026-07-31T21:20:41.568333+00:00,2026-07-31,BKLN,BUY,100.0,20.4,ibkr_paper,execId=00012ec5.6a6d7dd9.01.01 orderRef='' commission=0.0003 time=2026-07-31 18:45:47+00:00
2026-07-31T21:20:41.570333+00:00,2026-07-31,BKLN,BUY,100.0,20.4,ibkr_paper,execId=00012ec5.6a6d7dda.01.01 orderRef='' commission=0.5003 time=2026-07-31 18:45:47+00:00
2026-07-31T21:20:41.572223+00:00,2026-07-31,BKLN,BUY,100.0,20.4,ibkr_paper,execId=00012ec5.6a6d7ddb.01.01 orderRef='' commission=0.5003 time=2026-07-31 18:45:47+00:00
2026-07-31T21:20:41.573980+00:00,2026-07-31,BKLN,BUY,100.0,20.4,ibkr_paper,execId=00012ec5.6a6d7ddc.01.01 orderRef='' commission=0.5003 time=2026-07-31 18:45:47+00:00
2026-07-31T21:20:41.575621+00:00,2026-07-31,BKLN,BUY,96.0,20.4,ibkr_paper,execId=00012ec5.6a6d7ddd.01.01 orderRef='' commission=0.480288 time=2026-07-31 18:45:47+00:00
2026-07-31T21:20:41.577499+00:00,2026-07-31,BKLN,BUY,100.0,20.4,ibkr_paper,execId=00012ec5.6a6d7dde.01.01 orderRef='' commission=0.5003 time=2026-07-31 18:45:47+00:00
2026-07-31T21:20:41.579338+00:00,2026-07-31,BKLN,BUY,100.0,20.4,ibkr_paper,execId=00012ec5.6a6d7ddf.01.01 orderRef='' commission=0.5003 time=2026-07-31 18:45:47+00:00
2026-07-31T21:20:41.581793+00:00,2026-07-31,JAAA,SELL,100.0,50.49,ibkr_paper,execId=00012ec5.6a6d7de0.01.01 orderRef='' commission=1.123809 time=2026-07-31 18:45:47+00:00
2026-07-31T21:20:41.583990+00:00,2026-07-31,JAAA,SELL,405.0,50.49,ibkr_paper,execId=00012ec5.6a6d7de1.01.01 orderRef='' commission=2.026428 time=2026-07-31 18:45:47+00:00
2026-07-31T21:20:41.585723+00:00,2026-07-31,JAAA,SELL,100.0,50.49,ibkr_paper,execId=00012ec5.6a6d7de2.01.01 orderRef='' commission=0.623809 time=2026-07-31 18:45:47+00:00
2026-07-31T21:20:41.587509+00:00,2026-07-31,JAAA,SELL,100.0,50.49,ibkr_paper,execId=00012ec5.6a6d7de3.01.01 orderRef='' commission=0.623809 time=2026-07-31 18:45:47+00:00
2026-07-31T21:20:41.589394+00:00,2026-07-31,JAAA,SELL,100.0,50.49,ibkr_paper,execId=00012ec5.6a6d7de4.01.01 orderRef='' commission=0.623809 time=2026-07-31 18:45:47+00:00
2026-07-31T21:20:41.591122+00:00,2026-07-31,JAAA,SELL,200.0,50.49,ibkr_paper,execId=00012ec5.6a6d7de5.01.01 orderRef='' commission=1.247619 time=2026-07-31 18:45:47+00:00
2026-07-31T21:20:41.592846+00:00,2026-07-31,VCSH,BUY,696.0,78.59,ibkr_paper,execId=00012ec5.6a6d7de6.01.01 orderRef='' commission=3.482088 time=2026-07-31 18:45:47+00:00
2026-07-31T21:20:41.594723+00:00,2026-07-31,VCIT,SELL,30.0,81.14,ibkr_paper,execId=00012ec5.6a6d7de7.01.01 orderRef='' commission=1.056085 time=2026-07-31 18:45:47+00:00
2026-07-31T21:20:41.596442+00:00,2026-07-31,VCIT,SELL,1200.0,81.14,ibkr_paper,execId=00012ec5.6a6d7de8.01.01 orderRef='' commission=7.393381 time=2026-07-31 18:45:47+00:00
2026-07-31T21:20:41.598778+00:00,2026-07-31,IGSB,BUY,100.0,52.12,ibkr_paper,execId=00012ec5.6a6d7e18.01.01 orderRef='' commission=1.0003 time=2026-07-31 18:46:07+00:00
2026-07-31T21:20:41.600989+00:00,2026-07-31,IGSB,BUY,100.0,52.12,ibkr_paper,execId=00012ec5.6a6d7e19.01.01 orderRef='' commission=0.0003 time=2026-07-31 18:46:07+00:00
2026-07-31T21:20:41.602772+00:00,2026-07-31,IGSB,BUY,100.0,52.12,ibkr_paper,execId=00012ec5.6a6d7e1a.01.01 orderRef='' commission=0.5003 time=2026-07-31 18:46:07+00:00
2026-07-31T21:20:41.604531+00:00,2026-07-31,IGSB,BUY,363.0,52.12,ibkr_paper,execId=00012ec5.6a6d7e1b.01.01 orderRef='' commission=1.816089 time=2026-07-31 18:46:07+00:00
2026-07-31T21:20:41.606457+00:00,2026-07-31,IGSB,BUY,100.0,52.12,ibkr_paper,execId=00012ec5.6a6d7e1c.01.01 orderRef='' commission=0.5003 time=2026-07-31 18:46:07+00:00
2026-09-08T13:35:19.402482+00:00,2026-09-08,HYG,SELL,41.0,79.06,ibkr_paper,execId=00012ec5.6b3b4043.01.01 orderRef='' commission=1.074892 time=2026-09-08 13:35:18+00:00
2026-09-08T13:35:19.407530+00:00,2026-09-08,HYG,SELL,41.0,79.06,ibkr_paper,execId=00012ec5.6b3b4044.01.01 orderRef='' commission=0.074892 time=2026-09-08 13:35:18+00:00
2026-09-08T13:35:19.410819+00:00,2026-09-08,HYG,SELL,32.0,79.06,ibkr_paper,execId=00012ec5.6b3b4045.01.01 orderRef='' commission=0.058452 time=2026-09-08 13:35:18+00:00
2026-09-08T13:35:19.413760+00:00,2026-09-08,HYG,SELL,41.0,79.06,ibkr_paper,execId=00012ec5.6b3b4046.01.01 orderRef='' commission=0.074892 time=2026-09-08 13:35:18+00:00
2026-09-08T13:35:19.416200+00:00,2026-09-08,HYG,SELL,41.0,79.06,ibkr_paper,execId=00012ec5.6b3b4047.01.01 orderRef='' commission=0.074892 time=2026-09-08 13:35:18+00:00
2026-09-08T13:35:19.418219+00:00,2026-09-08,HYG,SELL,41.0,79.06,ibkr_paper,execId=00012ec5.6b3b4048.01.01 orderRef='' commission=0.259892 time=2026-09-08 13:35:18+00:00
2026-09-08T13:35:19.420131+00:00,2026-09-08,HYG,SELL,41.0,79.06,ibkr_paper,execId=00012ec5.6b3b4049.01.01 orderRef='' commission=0.279892 time=2026-09-08 13:35:18+00:00
2026-09-08T13:35:19.421938+00:00,2026-09-08,HYG,SELL,41.0,79.06,ibkr_paper,execId=00012ec5.6b3b404a.01.01 orderRef='' commission=0.279892 time=2026-09-08 13:35:18+00:00
2026-09-08T13:35:19.423696+00:00,2026-09-08,HYG,SELL,41.0,79.06,ibkr_paper,execId=00012ec5.6b3b404b.01.01 orderRef='' commission=0.279892 time=2026-09-08 13:35:18+00:00
2026-09-08T13:35:19.425469+00:00,2026-09-08,HYG,SELL,41.0,79.06,ibkr_paper,execId=00012ec5.6b3b404c.01.01 orderRef='' commission=0.279892 time=2026-09-08 13:35:18+00:00
2026-09-08T13:35:19.427221+00:00,2026-09-08,HYG,SELL,41.0,79.06,ibkr_paper,execId=00012ec5.6b3b404d.01.01 orderRef='' commission=0.279892 time=2026-09-08 13:35:18+00:00
2026-09-08T13:35:19.429020+00:00,2026-09-08,JNK,SELL,20.0,95.1,ibkr_paper,execId=00012ec5.6b3b4068.01.01 orderRef='' commission=1.043141 time=2026-09-08 13:35:18+00:00
2026-09-08T13:35:19.430812+00:00,2026-09-08,JNK,SELL,20.0,95.1,ibkr_paper,execId=00012ec5.6b3b4069.01.01 orderRef='' commission=0.043141 time=2026-09-08 13:35:18+00:00
2026-09-08T13:35:19.432600+00:00,2026-09-08,JNK,SELL,20.0,95.1,ibkr_paper,execId=00012ec5.6b3b406a.01.01 orderRef='' commission=0.043141 time=2026-09-08 13:35:18+00:00
2026-09-08T13:35:19.434363+00:00,2026-09-08,JNK,SELL,621.0,95.1,ibkr_paper,execId=00012ec5.6b3b406b.01.01 orderRef='' commission=3.744534 time=2026-09-08 13:35:18+00:00
2026-09-08T13:35:19.436126+00:00,2026-09-08,JNK,SELL,20.0,95.1,ibkr_paper,execId=00012ec5.6b3b406c.01.01 orderRef='' commission=0.143141 time=2026-09-08 13:35:18+00:00
2026-09-08T13:35:19.437880+00:00,2026-09-08,JNK,SELL,20.0,95.1,ibkr_paper,execId=00012ec5.6b3b406d.01.01 orderRef='' commission=0.143141 time=2026-09-08 13:35:18+00:00
2026-09-08T13:35:19.439658+00:00,2026-09-08,JNK,SELL,20.0,95.1,ibkr_paper,execId=00012ec5.6b3b406e.01.01 orderRef='' commission=0.143141 time=2026-09-08 13:35:18+00:00
2026-09-08T13:35:19.441446+00:00,2026-09-08,JNK,SELL,20.0,95.1,ibkr_paper,execId=00012ec5.6b3b406f.01.01 orderRef='' commission=0.143141 time=2026-09-08 13:35:18+00:00
2026-09-08T13:35:19.443360+00:00,2026-09-08,JNK,SELL,20.0,95.1,ibkr_paper,execId=00012ec5.6b3b4070.01.01 orderRef='' commission=0.143141 time=2026-09-08 13:35:18+00:00
2026-09-08T13:35:19.445595+00:00,2026-09-08,JNK,SELL,20.0,95.1,ibkr_paper,execId=00012ec5.6b3b4071.01.01 orderRef='' commission=0.143141 time=2026-09-08 13:35:18+00:00
2026-09-08T13:35:19.447567+00:00,2026-09-08,JNK,SELL,20.0,95.1,ibkr_paper,execId=00012ec5.6b3b4072.01.01 orderRef='' commission=0.143141 time=2026-09-08 13:35:18+00:00
2026-09-08T13:35:19.449503+00:00,2026-09-08,JNK,SELL,20.0,95.1,ibkr_paper,execId=00012ec5.6b3b4073.01.01 orderRef='' commission=0.143141 time=2026-09-08 13:35:18+00:00
2026-09-08T13:35:19.451408+00:00,2026-09-08,JNK,SELL,20.0,95.1,ibkr_paper,execId=00012ec5.6b3b4074.01.01 orderRef='' commission=0.143141 time=2026-09-08 13:35:18+00:00
2026-09-08T13:35:19.453309+00:00,2026-09-08,JNK,SELL,20.0,95.1,ibkr_paper,execId=00012ec5.6b3b4075.01.01 orderRef='' commission=0.143141 time=2026-09-08 13:35:18+00:00
2026-09-08T13:35:19.455145+00:00,2026-09-08,JNK,SELL,20.0,95.1,ibkr_paper,execId=00012ec5.6b3b4076.01.01 orderRef='' commission=0.143141 time=2026-09-08 13:35:18+00:00
2026-09-08T13:35:19.456968+00:00,2026-09-08,JNK,SELL,20.0,95.1,ibkr_paper,execId=00012ec5.6b3b4077.01.01 orderRef='' commission=0.143141 time=2026-09-08 13:35:18+00:00
2026-09-08T13:35:19.458787+00:00,2026-09-08,JNK,SELL,20.0,95.1,ibkr_paper,execId=00012ec5.6b3b4078.01.01 orderRef='' commission=0.143141 time=2026-09-08 13:35:18+00:00
2026-09-08T13:35:19.460649+00:00,2026-09-08,JNK,SELL,20.0,95.1,ibkr_paper,execId=00012ec5.6b3b4079.01.01 orderRef='' commission=0.143141 time=2026-09-08 13:35:18+00:00
2026-09-08T13:35:19.462565+00:00,2026-09-08,LQD,SELL,12.0,105.54,ibkr_paper,execId=00012ec5.6b3b407a.01.01 orderRef='' commission=1.028465 time=2026-09-08 13:35:18+00:00
2026-09-08T13:35:19.464440+00:00,2026-09-08,LQD,SELL,50.0,105.54,ibkr_paper,execId=00012ec5.6b3b407b.01.01 orderRef='' commission=0.118606 time=2026-09-08 13:35:18+00:00
2026-09-08T13:35:19.466333+00:00,2026-09-08,LQD,SELL,50.0,105.54,ibkr_paper,execId=00012ec5.6b3b407c.01.01 orderRef='' commission=0.118606 time=2026-09-08 13:35:18+00:00
2026-09-08T13:35:19.468215+00:00,2026-09-08,LQD,SELL,50.0,105.54,ibkr_paper,execId=00012ec5.6b3b407d.01.01 orderRef='' commission=0.118606 time=2026-09-08 13:35:18+00:00
2026-09-08T13:35:19.470098+00:00,2026-09-08,LQD,SELL,50.0,105.54,ibkr_paper,execId=00012ec5.6b3b407e.01.01 orderRef='' commission=0.178606 time=2026-09-08 13:35:18+00:00
2026-09-08T13:35:19.471999+00:00,2026-09-08,LQD,SELL,50.0,105.54,ibkr_paper,execId=00012ec5.6b3b407f.01.01 orderRef='' commission=0.368606 time=2026-09-08 13:35:18+00:00
2026-09-08T13:35:19.473892+00:00,2026-09-08,LQD,SELL,50.0,105.54,ibkr_paper,execId=00012ec5.6b3b4080.01.01 orderRef='' commission=0.368606 time=2026-09-08 13:35:18+00:00
2026-09-08T13:35:19.475780+00:00,2026-09-08,LQD,SELL,50.0,105.54,ibkr_paper,execId=00012ec5.6b3b4081.01.01 orderRef='' commission=0.368606 time=2026-09-08 13:35:18+00:00
2026-09-08T13:35:19.477796+00:00,2026-09-08,LQD,SELL,50.0,105.54,ibkr_paper,execId=00012ec5.6b3b4082.01.01 orderRef='' commission=0.368606 time=2026-09-08 13:35:18+00:00
2026-09-08T13:35:19.479727+00:00,2026-09-08,LQD,SELL,50.0,105.54,ibkr_paper,execId=00012ec5.6b3b4083.01.01 orderRef='' commission=0.368606 time=2026-09-08 13:35:18+00:00
2026-09-08T13:35:19.481686+00:00,2026-09-08,LQD,SELL,50.0,105.54,ibkr_paper,execId=00012ec5.6b3b4084.01.01 orderRef='' commission=0.368606 time=2026-09-08 13:35:18+00:00
2026-09-08T13:35:19.483593+00:00,2026-09-08,LQD,SELL,50.0,105.54,ibkr_paper,execId=00012ec5.6b3b4085.01.01 orderRef='' commission=0.368606 time=2026-09-08 13:35:18+00:00
2026-09-08T13:35:19.485564+00:00,2026-09-08,LQD,SELL,50.0,105.54,ibkr_paper,execId=00012ec5.6b3b4086.01.01 orderRef='' commission=0.368606 time=2026-09-08 13:35:18+00:00
2026-09-08T13:35:19.487573+00:00,2026-09-08,LQD,SELL,50.0,105.54,ibkr_paper,execId=00012ec5.6b3b4087.01.01 orderRef='' commission=0.368606 time=2026-09-08 13:35:18+00:00
2026-09-08T13:35:19.489539+00:00,2026-09-08,LQD,SELL,50.0,105.54,ibkr_paper,execId=00012ec5.6b3b4088.01.01 orderRef='' commission=0.368606 time=2026-09-08 13:35:18+00:00
2026-09-08T13:35:19.491550+00:00,2026-09-08,LQD,SELL,50.0,105.54,ibkr_paper,execId=00012ec5.6b3b4089.01.01 orderRef='' commission=0.368606 time=2026-09-08 13:35:18+00:00
2026-09-08T13:35:19.493542+00:00,2026-09-08,LQD,SELL,50.0,105.54,ibkr_paper,execId=00012ec5.6b3b408a.01.01 orderRef='' commission=0.368606 time=2026-09-08 13:35:18+00:00
2026-09-08T13:35:19.495498+00:00,2026-09-08,LQD,SELL,50.0,105.54,ibkr_paper,execId=00012ec5.6b3b408b.01.01 orderRef='' commission=0.368606 time=2026-09-08 13:35:18+00:00
2026-09-08T13:35:19.497503+00:00,2026-09-08,USHY,BUY,8.0,36.76,ibkr_paper,execId=00012ec5.6b3b40af.01.01 orderRef='' commission=1.000024 time=2026-09-08 13:35:19+00:00
2026-09-08T13:35:19.499512+00:00,2026-09-08,USHY,BUY,800.0,36.76,ibkr_paper,execId=00012ec5.6b3b40b0.01.01 orderRef='' commission=3.0424 time=2026-09-08 13:35:19+00:00
2026-09-08T13:35:19.501485+00:00,2026-09-08,USHY,BUY,8.0,36.76,ibkr_paper,execId=00012ec5.6b3b40b1.01.01 orderRef='' commission=0.040024 time=2026-09-08 13:35:19+00:00
2026-09-08T13:35:19.503488+00:00,2026-09-08,USHY,BUY,8.0,36.76,ibkr_paper,execId=00012ec5.6b3b40b2.01.01 orderRef='' commission=0.040024 time=2026-09-08 13:35:19+00:00
2026-09-08T13:35:19.505469+00:00,2026-09-08,USHY,BUY,8.0,36.76,ibkr_paper,execId=00012ec5.6b3b40b3.01.01 orderRef='' commission=0.040024 time=2026-09-08 13:35:19+00:00
2026-09-08T13:35:19.507734+00:00,2026-09-08,USHY,BUY,8.0,36.76,ibkr_paper,execId=00012ec5.6b3b40b4.01.01 orderRef='' commission=0.040024 time=2026-09-08 13:35:19+00:00
2026-09-08T13:35:19.509815+00:00,2026-09-08,USHY,BUY,8.0,36.76,ibkr_paper,execId=00012ec5.6b3b40b5.01.01 orderRef='' commission=0.040024 time=2026-09-08 13:35:19+00:00
2026-09-08T13:35:19.512321+00:00,2026-09-08,USHY,BUY,8.0,36.76,ibkr_paper,execId=00012ec5.6b3b40b6.01.01 orderRef='' commission=0.040024 time=2026-09-08 13:35:19+00:00
2026-09-08T13:35:19.514409+00:00,2026-09-08,USHY,BUY,8.0,36.76,ibkr_paper,execId=00012ec5.6b3b40b7.01.01 orderRef='' commission=0.040024 time=2026-09-08 13:35:19+00:00
2026-09-08T13:35:19.516589+00:00,2026-09-08,USHY,BUY,8.0,36.76,ibkr_paper,execId=00012ec5.6b3b40b8.01.01 orderRef='' commission=0.040024 time=2026-09-08 13:35:19+00:00
2026-09-08T13:35:19.518816+00:00,2026-09-08,USHY,BUY,8.0,36.76,ibkr_paper,execId=00012ec5.6b3b40b9.01.01 orderRef='' commission=0.040024 time=2026-09-08 13:35:19+00:00
2026-09-08T13:35:19.520974+00:00,2026-09-08,USHY,BUY,8.0,36.76,ibkr_paper,execId=00012ec5.6b3b40ba.01.01 orderRef='' commission=0.040024 time=2026-09-08 13:35:19+00:00
2026-09-08T13:35:19.523127+00:00,2026-09-08,USHY,BUY,8.0,36.76,ibkr_paper,execId=00012ec5.6b3b40bb.01.01 orderRef='' commission=0.040024 time=2026-09-08 13:35:19+00:00
2026-09-10T13:43:10.499213+00:00,2026-09-10,USHY,SELL,86.0,36.39,ibkr_paper,execId=00012ec5.6b550b73.01.01 orderRef='' commission=1.081497 time=2026-09-10 13:43:09+00:00
2026-09-10T13:43:10.506346+00:00,2026-09-10,USHY,SELL,86.0,36.39,ibkr_paper,execId=00012ec5.6b550b74.01.01 orderRef='' commission=0.081497 time=2026-09-10 13:43:09+00:00
2026-09-10T13:43:10.510723+00:00,2026-09-10,USHY,SELL,86.0,36.39,ibkr_paper,execId=00012ec5.6b550b75.01.01 orderRef='' commission=0.371497 time=2026-09-10 13:43:09+00:00
2026-09-10T13:43:10.514594+00:00,2026-09-10,USHY,SELL,86.0,36.39,ibkr_paper,execId=00012ec5.6b550b76.01.01 orderRef='' commission=0.511497 time=2026-09-10 13:43:09+00:00
2026-09-10T13:43:10.517827+00:00,2026-09-10,USHY,SELL,86.0,36.39,ibkr_paper,execId=00012ec5.6b550b77.01.01 orderRef='' commission=0.511497 time=2026-09-10 13:43:09+00:00
2026-09-10T13:43:10.520826+00:00,2026-09-10,USHY,SELL,86.0,36.39,ibkr_paper,execId=00012ec5.6b550b78.01.01 orderRef='' commission=0.511497 time=2026-09-10 13:43:09+00:00
2026-09-10T13:43:10.523934+00:00,2026-09-10,USHY,SELL,86.0,36.39,ibkr_paper,execId=00012ec5.6b550b79.01.01 orderRef='' commission=0.511497 time=2026-09-10 13:43:09+00:00
2026-09-10T13:43:10.526914+00:00,2026-09-10,USHY,SELL,86.0,36.39,ibkr_paper,execId=00012ec5.6b550b7a.01.01 orderRef='' commission=0.511497 time=2026-09-10 13:43:09+00:00
2026-09-10T13:43:10.529423+00:00,2026-09-10,USHY,SELL,86.0,36.39,ibkr_paper,execId=00012ec5.6b550b7b.01.01 orderRef='' commission=0.511497 time=2026-09-10 13:43:09+00:00
2026-09-10T13:43:10.532603+00:00,2026-09-10,USHY,SELL,86.0,36.39,ibkr_paper,execId=00012ec5.6b550b7c.01.01 orderRef='' commission=0.511497 time=2026-09-10 13:43:09+00:00
2026-09-10T13:43:10.535162+00:00,2026-09-10,USHY,SELL,86.0,36.39,ibkr_paper,execId=00012ec5.6b550b7d.01.01 orderRef='' commission=0.511497 time=2026-09-10 13:43:09+00:00
2026-09-10T13:43:10.537799+00:00,2026-09-10,USHY,SELL,86.0,36.39,ibkr_paper,execId=00012ec5.6b550b7e.01.01 orderRef='' commission=0.511497 time=2026-09-10 13:43:09+00:00
2026-09-10T13:43:10.540192+00:00,2026-09-10,USHY,SELL,86.0,36.39,ibkr_paper,execId=00012ec5.6b550b7f.01.01 orderRef='' commission=0.511497 time=2026-09-10 13:43:09+00:00
2026-09-10T13:43:10.542456+00:00,2026-09-10,USHY,SELL,86.0,36.39,ibkr_paper,execId=00012ec5.6b550b80.01.01 orderRef='' commission=0.511497 time=2026-09-10 13:43:09+00:00
2026-09-10T13:43:10.546067+00:00,2026-09-10,USHY,SELL,86.0,36.39,ibkr_paper,execId=00012ec5.6b550b81.01.01 orderRef='' commission=0.511497 time=2026-09-10 13:43:09+00:00
2026-09-10T13:43:10.548288+00:00,2026-09-10,USHY,SELL,86.0,36.39,ibkr_paper,execId=00012ec5.6b550b82.01.01 orderRef='' commission=0.511497 time=2026-09-10 13:43:09+00:00
2026-09-10T13:43:10.550454+00:00,2026-09-10,USHY,SELL,86.0,36.39,ibkr_paper,execId=00012ec5.6b550b83.01.01 orderRef='' commission=0.511497 time=2026-09-10 13:43:09+00:00
2026-09-10T13:43:10.552630+00:00,2026-09-10,USHY,SELL,86.0,36.39,ibkr_paper,execId=00012ec5.6b550b84.01.01 orderRef='' commission=0.511497 time=2026-09-10 13:43:09+00:00
2026-09-10T13:43:10.554812+00:00,2026-09-10,USHY,SELL,86.0,36.39,ibkr_paper,execId=00012ec5.6b550b85.01.01 orderRef='' commission=0.511497 time=2026-09-10 13:43:09+00:00
2026-09-10T13:43:10.557295+00:00,2026-09-10,USHY,SELL,86.0,36.39,ibkr_paper,execId=00012ec5.6b550b86.01.01 orderRef='' commission=0.511497 time=2026-09-10 13:43:09+00:00
2026-09-10T13:43:10.559681+00:00,2026-09-10,USHY,SELL,86.0,36.39,ibkr_paper,execId=00012ec5.6b550b87.01.01 orderRef='' commission=0.511497 time=2026-09-10 13:43:09+00:00
2026-09-10T13:43:10.561903+00:00,2026-09-10,USHY,SELL,86.0,36.39,ibkr_paper,execId=00012ec5.6b550b88.01.01 orderRef='' commission=0.511497 time=2026-09-10 13:43:09+00:00
2026-09-10T13:43:10.564143+00:00,2026-09-10,USHY,SELL,86.0,36.39,ibkr_paper,execId=00012ec5.6b550b89.01.01 orderRef='' commission=0.511497 time=2026-09-10 13:43:09+00:00
2026-09-10T13:43:10.566855+00:00,2026-09-10,USHY,SELL,703.0,36.39,ibkr_paper,execId=00012ec5.6b550b8a.01.01 orderRef='' commission=4.181187 time=2026-09-10 13:43:09+00:00
2026-09-10T13:43:10.569680+00:00,2026-09-10,USHY,SELL,86.0,36.39,ibkr_paper,execId=00012ec5.6b550b8b.01.01 orderRef='' commission=0.511497 time=2026-09-10 13:43:09+00:00
2026-09-10T13:43:10.571971+00:00,2026-09-10,USHY,SELL,86.0,36.39,ibkr_paper,execId=00012ec5.6b550b8c.01.01 orderRef='' commission=0.511497 time=2026-09-10 13:43:09+00:00
2026-09-10T13:43:10.574451+00:00,2026-09-10,USHY,SELL,69.0,36.39,ibkr_paper,execId=00012ec5.6b550b8d.01.01 orderRef='' commission=0.410387 time=2026-09-10 13:43:09+00:00
2026-09-10T13:43:10.576895+00:00,2026-09-10,USHY,SELL,86.0,36.39,ibkr_paper,execId=00012ec5.6b550b8e.01.01 orderRef='' commission=0.511497 time=2026-09-10 13:43:09+00:00
2026-09-10T13:43:10.579144+00:00,2026-09-10,USHY,SELL,86.0,36.39,ibkr_paper,execId=00012ec5.6b550b8f.01.01 orderRef='' commission=0.511497 time=2026-09-10 13:43:09+00:00
2026-09-10T13:43:10.581670+00:00,2026-09-10,USHY,SELL,86.0,36.39,ibkr_paper,execId=00012ec5.6b550b90.01.01 orderRef='' commission=0.511497 time=2026-09-10 13:43:09+00:00
2026-09-10T13:43:10.584095+00:00,2026-09-10,USHY,SELL,86.0,36.39,ibkr_paper,execId=00012ec5.6b550b91.01.01 orderRef='' commission=0.511497 time=2026-09-10 13:43:09+00:00
2026-09-10T13:43:10.586380+00:00,2026-09-10,USHY,SELL,86.0,36.39,ibkr_paper,execId=00012ec5.6b550b92.01.01 orderRef='' commission=0.511497 time=2026-09-10 13:43:09+00:00
2026-09-10T13:43:10.588724+00:00,2026-09-10,USHY,SELL,86.0,36.39,ibkr_paper,execId=00012ec5.6b550b93.01.01 orderRef='' commission=0.511497 time=2026-09-10 13:43:09+00:00
2026-09-10T13:43:10.591212+00:00,2026-09-10,SPHY,SELL,27.0,23.05,ibkr_paper,execId=00012ec5.6b550b94.01.01 orderRef='' commission=1.018166 time=2026-09-10 13:43:09+00:00
2026-09-10T13:43:10.593450+00:00,2026-09-10,SPHY,SELL,27.0,23.05,ibkr_paper,execId=00012ec5.6b550b95.01.01 orderRef='' commission=0.018166 time=2026-09-10 13:43:09+00:00
2026-09-10T13:43:10.595725+00:00,2026-09-10,SPHY,SELL,27.0,23.05,ibkr_paper,execId=00012ec5.6b550b96.01.01 orderRef='' commission=0.018166 time=2026-09-10 13:43:09+00:00
2026-09-10T13:43:10.598019+00:00,2026-09-10,SPHY,SELL,27.0,23.05,ibkr_paper,execId=00012ec5.6b550b97.01.01 orderRef='' commission=0.018166 time=2026-09-10 13:43:09+00:00
2026-09-10T13:43:10.600296+00:00,2026-09-10,SPHY,SELL,350.0,23.05,ibkr_paper,execId=00012ec5.6b550b98.01.01 orderRef='' commission=1.525491 time=2026-09-10 13:43:09+00:00
2026-09-10T13:43:10.602576+00:00,2026-09-10,SPHY,SELL,27.0,23.05,ibkr_paper,execId=00012ec5.6b550b99.01.01 orderRef='' commission=0.153166 time=2026-09-10 13:43:09+00:00
2026-09-10T13:43:10.604872+00:00,2026-09-10,SPHY,SELL,27.0,23.05,ibkr_paper,execId=00012ec5.6b550b9a.01.01 orderRef='' commission=0.153166 time=2026-09-10 13:43:09+00:00
2026-09-10T13:43:10.607339+00:00,2026-09-10,SPHY,SELL,27.0,23.05,ibkr_paper,execId=00012ec5.6b550b9b.01.01 orderRef='' commission=0.153166 time=2026-09-10 13:43:09+00:00
2026-09-10T13:43:10.609698+00:00,2026-09-10,SPHY,SELL,27.0,23.05,ibkr_paper,execId=00012ec5.6b550b9c.01.01 orderRef='' commission=0.153166 time=2026-09-10 13:43:09+00:00
2026-09-10T13:43:10.612097+00:00,2026-09-10,SPHY,SELL,27.0,23.05,ibkr_paper,execId=00012ec5.6b550b9d.01.01 orderRef='' commission=0.153166 time=2026-09-10 13:43:09+00:00
2026-09-10T13:43:10.614615+00:00,2026-09-10,SPHY,SELL,27.0,23.05,ibkr_paper,execId=00012ec5.6b550b9e.01.01 orderRef='' commission=0.153166 time=2026-09-10 13:43:09+00:00
2026-09-10T13:43:10.616964+00:00,2026-09-10,SPHY,SELL,27.0,23.05,ibkr_paper,execId=00012ec5.6b550b9f.01.01 orderRef='' commission=0.153166 time=2026-09-10 13:43:09+00:00
2026-09-10T13:43:10.619366+00:00,2026-09-10,SPHY,SELL,27.0,23.05,ibkr_paper,execId=00012ec5.6b550ba0.01.01 orderRef='' commission=0.153166 time=2026-09-10 13:43:09+00:00
2026-09-10T13:43:10.621824+00:00,2026-09-10,SPHY,SELL,27.0,23.05,ibkr_paper,execId=00012ec5.6b550ba1.01.01 orderRef='' commission=0.153166 time=2026-09-10 13:43:09+00:00
2026-09-10T13:43:10.624310+00:00,2026-09-10,SPHY,SELL,27.0,23.05,ibkr_paper,execId=00012ec5.6b550ba2.01.01 orderRef='' commission=0.153166 time=2026-09-10 13:43:09+00:00
2026-09-10T13:43:10.626838+00:00,2026-09-10,SPHY,SELL,27.0,23.05,ibkr_paper,execId=00012ec5.6b550ba3.01.01 orderRef='' commission=0.153166 time=2026-09-10 13:43:09+00:00
2026-09-10T13:43:10.629275+00:00,2026-09-10,SPHY,SELL,27.0,23.05,ibkr_paper,execId=00012ec5.6b550ba4.01.01 orderRef='' commission=0.153166 time=2026-09-10 13:43:09+00:00
2026-09-10T13:43:10.631716+00:00,2026-09-10,SPHY,SELL,27.0,23.05,ibkr_paper,execId=00012ec5.6b550ba5.01.01 orderRef='' commission=0.153166 time=2026-09-10 13:43:09+00:00
2026-09-10T13:43:10.634130+00:00,2026-09-10,SHYG,BUY,12.0,42.02,ibkr_paper,execId=00012ec5.6b550bc9.01.01 orderRef='' commission=1.000036 time=2026-09-10 13:43:10+00:00
2026-09-10T13:43:10.636641+00:00,2026-09-10,SHYG,BUY,924.0,42.02,ibkr_paper,execId=00012ec5.6b550bca.01.01 orderRef='' commission=3.682772 time=2026-09-10 13:43:10+00:00
2026-09-10T13:43:10.639178+00:00,2026-09-10,SHYG,BUY,12.0,42.02,ibkr_paper,execId=00012ec5.6b550bcb.01.01 orderRef='' commission=0.060036 time=2026-09-10 13:43:10+00:00
2026-09-10T13:43:10.641661+00:00,2026-09-10,SHYG,BUY,12.0,42.02,ibkr_paper,execId=00012ec5.6b550bcc.01.01 orderRef='' commission=0.060036 time=2026-09-10 13:43:10+00:00
2026-09-10T13:43:10.644187+00:00,2026-09-10,SHYG,BUY,12.0,42.02,ibkr_paper,execId=00012ec5.6b550bcd.01.01 orderRef='' commission=0.060036 time=2026-09-10 13:43:10+00:00
2026-09-10T13:43:10.646685+00:00,2026-09-10,SHYG,BUY,12.0,42.02,ibkr_paper,execId=00012ec5.6b550bce.01.01 orderRef='' commission=0.060036 time=2026-09-10 13:43:10+00:00
2026-09-10T13:43:10.649237+00:00,2026-09-10,SHYG,BUY,12.0,42.02,ibkr_paper,execId=00012ec5.6b550bcf.01.01 orderRef='' commission=0.060036 time=2026-09-10 13:43:10+00:00
2026-09-10T13:43:10.651746+00:00,2026-09-10,SHYG,BUY,12.0,42.02,ibkr_paper,execId=00012ec5.6b550bd0.01.01 orderRef='' commission=0.060036 time=2026-09-10 13:43:10+00:00
2026-09-10T13:43:10.654281+00:00,2026-09-10,SHYG,BUY,12.0,42.02,ibkr_paper,execId=00012ec5.6b550bd1.01.01 orderRef='' commission=0.060036 time=2026-09-10 13:43:10+00:00
2026-09-10T16:07:55.923043+00:00,2026-09-10,SRLN,SELL,4.0,40.49,ibkr_paper,execId=00012ec5.6b550c16.01.01 orderRef='' commission=1.004128 time=2026-09-10 13:43:11+00:00
2026-09-10T16:07:55.927348+00:00,2026-09-10,SRLN,SELL,4.0,40.49,ibkr_paper,execId=00012ec5.6b550c17.01.01 orderRef='' commission=0.004128 time=2026-09-10 13:43:11+00:00
2026-09-10T16:07:55.930763+00:00,2026-09-10,SRLN,SELL,4.0,40.49,ibkr_paper,execId=00012ec5.6b550c18.01.01 orderRef='' commission=0.004128 time=2026-09-10 13:43:11+00:00
2026-09-10T16:07:55.933881+00:00,2026-09-10,SRLN,SELL,4.0,40.49,ibkr_paper,execId=00012ec5.6b550c19.01.01 orderRef='' commission=0.004128 time=2026-09-10 13:43:11+00:00
2026-09-10T16:07:55.936956+00:00,2026-09-10,SRLN,SELL,4.0,40.49,ibkr_paper,execId=00012ec5.6b550c1a.01.01 orderRef='' commission=0.004128 time=2026-09-10 13:43:11+00:00
2026-09-10T16:07:55.939748+00:00,2026-09-10,SRLN,SELL,4.0,40.49,ibkr_paper,execId=00012ec5.6b550c1b.01.01 orderRef='' commission=0.004128 time=2026-09-10 13:43:11+00:00
2026-09-10T16:07:55.942360+00:00,2026-09-10,SRLN,SELL,4.0,40.49,ibkr_paper,execId=00012ec5.6b550c1c.01.01 orderRef='' commission=0.004128 time=2026-09-10 13:43:11+00:00
2026-09-10T16:07:55.944916+00:00,2026-09-10,SRLN,SELL,4.0,40.49,ibkr_paper,execId=00012ec5.6b550c1d.01.01 orderRef='' commission=0.004128 time=2026-09-10 13:43:11+00:00
2026-09-10T16:07:55.947462+00:00,2026-09-10,SRLN,SELL,4.0,40.49,ibkr_paper,execId=00012ec5.6b550c1e.01.01 orderRef='' commission=0.004128 time=2026-09-10 13:43:11+00:00
2026-09-10T16:07:55.949982+00:00,2026-09-10,SRLN,SELL,4.0,40.49,ibkr_paper,execId=00012ec5.6b550c1f.01.01 orderRef='' commission=0.004128 time=2026-09-10 13:43:11+00:00
2026-09-10T16:07:55.952505+00:00,2026-09-10,SRLN,SELL,4.0,40.49,ibkr_paper,execId=00012ec5.6b550c20.01.01 orderRef='' commission=0.004128 time=2026-09-10 13:43:11+00:00
2026-09-10T16:07:55.955036+00:00,2026-09-10,SRLN,SELL,4.0,40.49,ibkr_paper,execId=00012ec5.6b550c21.01.01 orderRef='' commission=0.004128 time=2026-09-10 13:43:11+00:00
2026-09-10T16:07:55.957532+00:00,2026-09-10,SRLN,SELL,4.0,40.49,ibkr_paper,execId=00012ec5.6b550c22.01.01 orderRef='' commission=0.004128 time=2026-09-10 13:43:11+00:00
2026-09-10T16:07:55.960040+00:00,2026-09-10,SRLN,SELL,4.0,40.49,ibkr_paper,execId=00012ec5.6b550c23.01.01 orderRef='' commission=0.004128 time=2026-09-10 13:43:11+00:00
2026-09-10T16:07:55.962570+00:00,2026-09-10,SRLN,SELL,4.0,40.49,ibkr_paper,execId=00012ec5.6b550c24.01.01 orderRef='' commission=0.004128 time=2026-09-10 13:43:11+00:00
2026-09-10T16:07:55.965105+00:00,2026-09-10,SRLN,SELL,4.0,40.49,ibkr_paper,execId=00012ec5.6b550c25.01.01 orderRef='' commission=0.004128 time=2026-09-10 13:43:11+00:00
2026-09-10T16:07:55.967615+00:00,2026-09-10,SRLN,SELL,4.0,40.49,ibkr_paper,execId=00012ec5.6b550c26.01.01 orderRef='' commission=0.004128 time=2026-09-10 13:43:11+00:00
2026-09-10T16:07:55.970127+00:00,2026-09-10,SRLN,SELL,4.0,40.49,ibkr_paper,execId=00012ec5.6b550c27.01.01 orderRef='' commission=0.004128 time=2026-09-10 13:43:11+00:00
2026-09-10T16:07:55.972642+00:00,2026-09-10,SRLN,SELL,4.0,40.49,ibkr_paper,execId=00012ec5.6b550c28.01.01 orderRef='' commission=0.004128 time=2026-09-10 13:43:11+00:00
2026-09-10T16:07:55.975161+00:00,2026-09-10,SRLN,SELL,4.0,40.49,ibkr_paper,execId=00012ec5.6b550c29.01.01 orderRef='' commission=0.004128 time=2026-09-10 13:43:11+00:00
2026-09-10T16:07:55.977689+00:00,2026-09-10,SRLN,SELL,4.0,40.49,ibkr_paper,execId=00012ec5.6b550c2a.01.01 orderRef='' commission=0.004128 time=2026-09-10 13:43:11+00:00
2026-09-10T16:07:55.980200+00:00,2026-09-10,SRLN,SELL,4.0,40.49,ibkr_paper,execId=00012ec5.6b550c2b.01.01 orderRef='' commission=0.004128 time=2026-09-10 13:43:11+00:00
2026-09-10T16:07:55.982757+00:00,2026-09-10,SRLN,SELL,400.0,40.49,ibkr_paper,execId=00012ec5.6b550c2c.01.01 orderRef='' commission=1.852838 time=2026-09-10 13:43:11+00:00
2026-09-10T16:07:55.985326+00:00,2026-09-10,SRLN,SELL,4.0,40.49,ibkr_paper,execId=00012ec5.6b550c2d.01.01 orderRef='' commission=0.024128 time=2026-09-10 13:43:11+00:00
2026-09-10T16:07:55.987873+00:00,2026-09-10,SRLN,SELL,4.0,40.49,ibkr_paper,execId=00012ec5.6b550c2e.01.01 orderRef='' commission=0.024128 time=2026-09-10 13:43:11+00:00
2026-09-10T16:07:55.990431+00:00,2026-09-10,SRLN,SELL,4.0,40.49,ibkr_paper,execId=00012ec5.6b550c2f.01.01 orderRef='' commission=0.024128 time=2026-09-10 13:43:11+00:00
2026-09-10T16:07:55.993627+00:00,2026-09-10,SRLN,SELL,4.0,40.49,ibkr_paper,execId=00012ec5.6b550c30.01.01 orderRef='' commission=0.024128 time=2026-09-10 13:43:11+00:00
2026-09-10T16:07:55.996422+00:00,2026-09-10,SRLN,SELL,4.0,40.49,ibkr_paper,execId=00012ec5.6b550c31.01.01 orderRef='' commission=0.024128 time=2026-09-10 13:43:11+00:00
2026-09-10T16:07:55.999152+00:00,2026-09-10,SRLN,SELL,396.0,40.49,ibkr_paper,execId=00012ec5.6b550c32.01.01 orderRef='' commission=2.388709 time=2026-09-10 13:43:11+00:00
2026-09-10T16:07:56.001834+00:00,2026-09-10,SRLN,SELL,4.0,40.49,ibkr_paper,execId=00012ec5.6b550c33.01.01 orderRef='' commission=0.024128 time=2026-09-10 13:43:11+00:00
2026-09-10T16:07:56.004775+00:00,2026-09-10,VCIT,BUY,1269.0,79.95,ibkr_paper,execId=00012ec5.6b550ca4.01.01 orderRef='' commission=6.348807 time=2026-09-10 13:43:12+00:00
2026-09-10T16:07:56.007520+00:00,2026-09-10,VCIT,BUY,15.0,79.95,ibkr_paper,execId=00012ec5.6b550ca5.01.01 orderRef='' commission=0.075045 time=2026-09-10 13:43:12+00:00
2026-09-10T16:07:56.010202+00:00,2026-09-10,VCIT,BUY,15.0,79.95,ibkr_paper,execId=00012ec5.6b550ca6.01.01 orderRef='' commission=0.075045 time=2026-09-10 13:43:12+00:00
2026-09-10T16:07:56.012818+00:00,2026-09-10,VCIT,BUY,15.0,79.95,ibkr_paper,execId=00012ec5.6b550ca7.01.01 orderRef='' commission=0.075045 time=2026-09-10 13:43:12+00:00
2026-09-10T16:07:56.015547+00:00,2026-09-10,VCIT,BUY,15.0,79.95,ibkr_paper,execId=00012ec5.6b550ca8.01.01 orderRef='' commission=0.075045 time=2026-09-10 13:43:12+00:00
2026-09-10T16:07:56.018211+00:00,2026-09-10,VCIT,BUY,15.0,79.95,ibkr_paper,execId=00012ec5.6b550ca9.01.01 orderRef='' commission=0.075045 time=2026-09-10 13:43:12+00:00
2026-09-10T16:07:56.020884+00:00,2026-09-10,VCIT,BUY,15.0,79.95,ibkr_paper,execId=00012ec5.6b550caa.01.01 orderRef='' commission=0.075045 time=2026-09-10 13:43:12+00:00
2026-09-10T16:07:56.023545+00:00,2026-09-10,VCIT,BUY,15.0,79.95,ibkr_paper,execId=00012ec5.6b550cab.01.01 orderRef='' commission=0.075045 time=2026-09-10 13:43:12+00:00
2026-09-10T16:07:56.026218+00:00,2026-09-10,VCIT,BUY,15.0,79.95,ibkr_paper,execId=00012ec5.6b550cac.01.01 orderRef='' commission=0.075045 time=2026-09-10 13:43:12+00:00
2026-09-10T16:07:56.028869+00:00,2026-09-10,VCIT,BUY,15.0,79.95,ibkr_paper,execId=00012ec5.6b550cad.01.01 orderRef='' commission=0.075045 time=2026-09-10 13:43:12+00:00
2026-09-10T16:07:56.031908+00:00,2026-09-10,VCIT,BUY,15.0,79.95,ibkr_paper,execId=00012ec5.6b550cae.01.01 orderRef='' commission=0.075045 time=2026-09-10 13:43:12+00:00
2026-09-10T16:07:56.034883+00:00,2026-09-10,VCIT,BUY,15.0,79.95,ibkr_paper,execId=00012ec5.6b550caf.01.01 orderRef='' commission=0.075045 time=2026-09-10 13:43:12+00:00
2026-09-10T16:07:56.038022+00:00,2026-09-10,VCIT,BUY,15.0,79.95,ibkr_paper,execId=00012ec5.6b550cb0.01.01 orderRef='' commission=0.075045 time=2026-09-10 13:43:12+00:00
2026-09-10T16:07:56.040886+00:00,2026-09-10,VCIT,BUY,15.0,79.95,ibkr_paper,execId=00012ec5.6b550cb1.01.01 orderRef='' commission=0.075045 time=2026-09-10 13:43:12+00:00
2026-09-10T16:07:56.044060+00:00,2026-09-10,VCIT,BUY,15.0,79.95,ibkr_paper,execId=00012ec5.6b550cb2.01.01 orderRef='' commission=0.075045 time=2026-09-10 13:43:12+00:00
2026-09-10T16:07:56.046850+00:00,2026-09-10,SJNK,SELL,100.0,24.6,ibkr_paper,execId=00012ec5.6b550cf0.01.01 orderRef='' commission=1.070476 time=2026-09-10 13:43:13+00:00
2026-09-10T16:07:56.049790+00:00,2026-09-10,SJNK,SELL,1.0,24.6,ibkr_paper,execId=00012ec5.6b550cf1.01.01 orderRef='' commission=0.000705 time=2026-09-10 13:43:13+00:00
2026-09-10T16:07:56.052598+00:00,2026-09-10,SJNK,SELL,1.0,24.6,ibkr_paper,execId=00012ec5.6b550cf2.01.01 orderRef='' commission=0.000705 time=2026-09-10 13:43:13+00:00
2026-09-10T16:07:56.055376+00:00,2026-09-10,SJNK,SELL,1.0,24.6,ibkr_paper,execId=00012ec5.6b550cf3.01.01 orderRef='' commission=0.000705 time=2026-09-10 13:43:13+00:00
2026-09-10T16:07:56.058129+00:00,2026-09-10,SJNK,SELL,1.0,24.6,ibkr_paper,execId=00012ec5.6b550cf4.01.01 orderRef='' commission=0.000705 time=2026-09-10 13:43:13+00:00
2026-09-10T16:07:56.060899+00:00,2026-09-10,SJNK,SELL,1.0,24.6,ibkr_paper,execId=00012ec5.6b550cf5.01.01 orderRef='' commission=0.000705 time=2026-09-10 13:43:13+00:00
2026-09-10T16:07:56.063645+00:00,2026-09-10,SJNK,SELL,1.0,24.6,ibkr_paper,execId=00012ec5.6b550cf6.01.01 orderRef='' commission=0.000705 time=2026-09-10 13:43:13+00:00
2026-09-10T16:07:56.066402+00:00,2026-09-10,SHYG,BUY,12.0,42.02,ibkr_paper,execId=00012ec5.6b550d36.01.01 orderRef='' commission=0.060036 time=2026-09-10 13:43:14+00:00
2026-09-10T16:07:56.069166+00:00,2026-09-10,SHYG,BUY,12.0,42.02,ibkr_paper,execId=00012ec5.6b550d37.01.01 orderRef='' commission=0.060036 time=2026-09-10 13:43:14+00:00
2026-09-10T16:07:56.071961+00:00,2026-09-10,SHYG,BUY,12.0,42.02,ibkr_paper,execId=00012ec5.6b550d38.01.01 orderRef='' commission=0.060036 time=2026-09-10 13:43:14+00:00
2026-09-10T16:07:56.074725+00:00,2026-09-10,VCIT,BUY,15.0,79.95,ibkr_paper,execId=00012ec5.6b550d52.01.01 orderRef='' commission=0.075045 time=2026-09-10 13:43:15+00:00
2026-09-10T16:07:56.077492+00:00,2026-09-10,SRLN,SELL,4.0,40.49,ibkr_paper,execId=00012ec5.6b550dcc.01.01 orderRef='' commission=0.024128 time=2026-09-10 13:43:17+00:00
2026-09-10T16:07:56.080251+00:00,2026-09-10,IGSB,BUY,497.0,51.71,ibkr_paper,execId=00012ec5.6b550e06.01.01 orderRef='' commission=2.486491 time=2026-09-10 13:43:18+00:00
2026-09-10T16:07:56.083032+00:00,2026-09-10,VCSH,SELL,100.0,77.9,ibkr_paper,execId=00012ec5.6b550e9b.01.01 orderRef='' commission=1.180274 time=2026-09-10 13:43:19+00:00
2026-09-10T16:07:56.085848+00:00,2026-09-10,SHYG,BUY,12.0,42.02,ibkr_paper,execId=00012ec5.6b550ee3.01.01 orderRef='' commission=0.060036 time=2026-09-10 13:43:20+00:00
2026-09-10T16:07:56.088666+00:00,2026-09-10,VCIT,BUY,15.0,79.95,ibkr_paper,execId=00012ec5.6b550f15.01.01 orderRef='' commission=0.075045 time=2026-09-10 13:43:21+00:00
2026-09-10T16:07:56.091468+00:00,2026-09-10,SRLN,SELL,4.0,40.49,ibkr_paper,execId=00012ec5.6b550f4d.01.01 orderRef='' commission=0.024128 time=2026-09-10 13:43:23+00:00
2026-09-10T16:07:56.095125+00:00,2026-09-10,SJNK,SELL,1.0,24.6,ibkr_paper,execId=00012ec5.6b550f77.01.01 orderRef='' commission=0.000705 time=2026-09-10 13:43:24+00:00
2026-09-10T16:07:56.098538+00:00,2026-09-10,SRLN,SELL,4.0,40.49,ibkr_paper,execId=00012ec5.6b550fe3.01.01 orderRef='' commission=0.024128 time=2026-09-10 13:43:25+00:00
2026-09-10T16:07:56.101515+00:00,2026-09-10,SRLN,SELL,4.0,40.49,ibkr_paper,execId=00012ec5.6b55102f.01.01 orderRef='' commission=0.024128 time=2026-09-10 13:43:26+00:00
2026-09-10T16:07:56.104731+00:00,2026-09-10,VCSH,SELL,1.0,77.9,ibkr_paper,execId=00012ec5.6b551081.01.01 orderRef='' commission=0.001803 time=2026-09-10 13:43:27+00:00
2026-09-10T16:07:56.107768+00:00,2026-09-10,IGSB,BUY,600.0,51.71,ibkr_paper,execId=00012ec5.6b5510c3.01.01 orderRef='' commission=3.0018 time=2026-09-10 13:43:28+00:00
2026-09-10T16:07:56.110680+00:00,2026-09-10,VCIT,BUY,15.0,79.95,ibkr_paper,execId=00012ec5.6b5510eb.01.01 orderRef='' commission=0.075045 time=2026-09-10 13:43:29+00:00
2026-09-10T16:07:56.113535+00:00,2026-09-10,BKLN,BUY,800.0,20.6,ibkr_paper,execId=00012ec5.6b551122.01.01 orderRef='' commission=4.0024 time=2026-09-10 13:43:31+00:00
2026-09-10T16:07:56.116396+00:00,2026-09-10,VCSH,SELL,99.0,77.9,ibkr_paper,execId=00012ec5.6b5511a7.01.01 orderRef='' commission=0.178471 time=2026-09-10 13:43:32+00:00
2026-09-10T16:07:56.119306+00:00,2026-09-10,SRLN,SELL,4.0,40.49,ibkr_paper,execId=00012ec5.6b55122b.01.01 orderRef='' commission=0.024128 time=2026-09-10 13:43:34+00:00
2026-09-10T16:07:56.122215+00:00,2026-09-10,VCSH,SELL,1.0,77.9,ibkr_paper,execId=00012ec5.6b5512ce.01.01 orderRef='' commission=0.006803 time=2026-09-10 13:43:35+00:00
2026-09-10T16:07:56.125099+00:00,2026-09-10,IGSB,BUY,40.0,51.71,ibkr_paper,execId=00012ec5.6b55135c.01.01 orderRef='' commission=0.20012 time=2026-09-10 13:43:36+00:00
2026-09-10T16:07:56.128007+00:00,2026-09-10,SRLN,SELL,4.0,40.49,ibkr_paper,execId=00012ec5.6b551389.01.01 orderRef='' commission=0.024128 time=2026-09-10 13:43:38+00:00
2026-09-10T16:07:56.130898+00:00,2026-09-10,SJNK,SELL,99.0,24.6,ibkr_paper,execId=00012ec5.6b55148d.01.01 orderRef='' commission=0.099771 time=2026-09-10 13:43:40+00:00
2026-09-10T16:07:56.133816+00:00,2026-09-10,BKLN,BUY,800.0,20.6,ibkr_paper,execId=00012ec5.6b5514dc.01.01 orderRef='' commission=4.0024 time=2026-09-10 13:43:41+00:00
2026-09-10T16:07:56.136940+00:00,2026-09-10,BKLN,BUY,8.0,20.6,ibkr_paper,execId=00012ec5.6b5514dd.01.01 orderRef='' commission=0.040024 time=2026-09-10 13:43:41+00:00
2026-09-10T16:07:56.139880+00:00,2026-09-10,BKLN,BUY,8.0,20.6,ibkr_paper,execId=00012ec5.6b5514de.01.01 orderRef='' commission=0.040024 time=2026-09-10 13:43:41+00:00
2026-09-10T16:07:56.142790+00:00,2026-09-10,BKLN,BUY,8.0,20.6,ibkr_paper,execId=00012ec5.6b5514df.01.01 orderRef='' commission=0.040024 time=2026-09-10 13:43:41+00:00
2026-09-10T16:07:56.145714+00:00,2026-09-10,BKLN,BUY,8.0,20.6,ibkr_paper,execId=00012ec5.6b5514e0.01.01 orderRef='' commission=0.040024 time=2026-09-10 13:43:41+00:00
2026-09-10T16:07:56.148628+00:00,2026-09-10,BKLN,BUY,8.0,20.6,ibkr_paper,execId=00012ec5.6b5514e1.01.01 orderRef='' commission=0.040024 time=2026-09-10 13:43:41+00:00
2026-09-10T16:07:56.151612+00:00,2026-09-10,BKLN,BUY,8.0,20.6,ibkr_paper,execId=00012ec5.6b5514e2.01.01 orderRef='' commission=0.040024 time=2026-09-10 13:43:41+00:00
2026-09-10T16:07:56.154743+00:00,2026-09-10,BKLN,BUY,8.0,20.6,ibkr_paper,execId=00012ec5.6b5514e3.01.01 orderRef='' commission=0.040024 time=2026-09-10 13:43:41+00:00
2026-09-10T16:07:56.157726+00:00,2026-09-10,BKLN,BUY,8.0,20.6,ibkr_paper,execId=00012ec5.6b5514e4.01.01 orderRef='' commission=0.040024 time=2026-09-10 13:43:41+00:00
2026-09-10T16:07:56.161040+00:00,2026-09-10,BKLN,BUY,8.0,20.6,ibkr_paper,execId=00012ec5.6b5514e5.01.01 orderRef='' commission=0.040024 time=2026-09-10 13:43:41+00:00
2026-09-10T16:07:56.164171+00:00,2026-09-10,BKLN,BUY,8.0,20.6,ibkr_paper,execId=00012ec5.6b5514e6.01.01 orderRef='' commission=0.040024 time=2026-09-10 13:43:41+00:00
2026-09-10T16:07:56.167362+00:00,2026-09-10,BKLN,BUY,8.0,20.6,ibkr_paper,execId=00012ec5.6b5514e7.01.01 orderRef='' commission=0.040024 time=2026-09-10 13:43:41+00:00
2026-09-10T16:07:56.170464+00:00,2026-09-10,BKLN,BUY,8.0,20.6,ibkr_paper,execId=00012ec5.6b5514e8.01.01 orderRef='' commission=0.040024 time=2026-09-10 13:43:41+00:00
2026-09-10T16:07:56.173792+00:00,2026-09-10,BKLN,BUY,8.0,20.6,ibkr_paper,execId=00012ec5.6b5514e9.01.01 orderRef='' commission=0.040024 time=2026-09-10 13:43:41+00:00
2026-09-10T16:07:56.176793+00:00,2026-09-10,BKLN,BUY,8.0,20.6,ibkr_paper,execId=00012ec5.6b5514ea.01.01 orderRef='' commission=0.040024 time=2026-09-10 13:43:41+00:00
2026-09-10T16:07:56.179755+00:00,2026-09-10,VCSH,SELL,99.0,77.9,ibkr_paper,execId=00012ec5.6b5514eb.01.01 orderRef='' commission=0.673471 time=2026-09-10 13:43:41+00:00
2026-09-10T16:07:56.182742+00:00,2026-09-10,VCSH,SELL,1.0,77.9,ibkr_paper,execId=00012ec5.6b5514ec.01.01 orderRef='' commission=0.006803 time=2026-09-10 13:43:41+00:00
2026-09-10T16:07:56.185723+00:00,2026-09-10,VCSH,SELL,1.0,77.9,ibkr_paper,execId=00012ec5.6b5514ed.01.01 orderRef='' commission=0.006803 time=2026-09-10 13:43:41+00:00
2026-09-10T16:07:56.188708+00:00,2026-09-10,VCSH,SELL,1.0,77.9,ibkr_paper,execId=00012ec5.6b5514ee.01.01 orderRef='' commission=0.006803 time=2026-09-10 13:43:41+00:00
2026-09-10T16:07:56.191690+00:00,2026-09-10,VCSH,SELL,1.0,77.9,ibkr_paper,execId=00012ec5.6b5514ef.01.01 orderRef='' commission=0.006803 time=2026-09-10 13:43:41+00:00
2026-09-10T16:07:56.194756+00:00,2026-09-10,VCSH,SELL,1.0,77.9,ibkr_paper,execId=00012ec5.6b5514f0.01.01 orderRef='' commission=0.006803 time=2026-09-10 13:43:41+00:00
2026-09-10T16:07:56.197743+00:00,2026-09-10,VCSH,SELL,1.0,77.9,ibkr_paper,execId=00012ec5.6b5514f1.01.01 orderRef='' commission=0.006803 time=2026-09-10 13:43:41+00:00
2026-09-10T16:07:56.200749+00:00,2026-09-10,VCSH,SELL,1.0,77.9,ibkr_paper,execId=00012ec5.6b5514f2.01.01 orderRef='' commission=0.006803 time=2026-09-10 13:43:41+00:00
2026-09-10T16:07:56.203756+00:00,2026-09-10,VCSH,SELL,1.0,77.9,ibkr_paper,execId=00012ec5.6b5514f3.01.01 orderRef='' commission=0.006803 time=2026-09-10 13:43:41+00:00
2026-09-10T16:07:56.206753+00:00,2026-09-10,VCSH,SELL,1.0,77.9,ibkr_paper,execId=00012ec5.6b5514f4.01.01 orderRef='' commission=0.006803 time=2026-09-10 13:43:41+00:00
2026-09-10T16:07:56.209759+00:00,2026-09-10,VCSH,SELL,1.0,77.9,ibkr_paper,execId=00012ec5.6b5514f5.01.01 orderRef='' commission=0.006803 time=2026-09-10 13:43:41+00:00
2026-09-10T16:07:56.212769+00:00,2026-09-10,VCSH,SELL,1.0,77.9,ibkr_paper,execId=00012ec5.6b5514f6.01.01 orderRef='' commission=0.006803 time=2026-09-10 13:43:41+00:00
2026-09-10T16:07:56.215811+00:00,2026-09-10,VCSH,SELL,1.0,77.9,ibkr_paper,execId=00012ec5.6b5514f7.01.01 orderRef='' commission=0.006803 time=2026-09-10 13:43:41+00:00
2026-09-10T16:07:56.218839+00:00,2026-09-10,VCSH,SELL,1.0,77.9,ibkr_paper,execId=00012ec5.6b5514f8.01.01 orderRef='' commission=0.006803 time=2026-09-10 13:43:41+00:00
2026-09-10T16:07:56.221913+00:00,2026-09-10,VCSH,SELL,1.0,77.9,ibkr_paper,execId=00012ec5.6b5514f9.01.01 orderRef='' commission=0.006803 time=2026-09-10 13:43:41+00:00
2026-09-10T16:07:56.225050+00:00,2026-09-10,SRLN,SELL,4.0,40.49,ibkr_paper,execId=00012ec5.6b55153d.01.01 orderRef='' commission=0.024128 time=2026-09-10 13:43:42+00:00
2026-09-10T16:07:56.228465+00:00,2026-09-10,SRLN,SELL,4.0,40.49,ibkr_paper,execId=00012ec5.6b55153e.01.01 orderRef='' commission=0.024128 time=2026-09-10 13:43:42+00:00
2026-09-10T16:07:56.231911+00:00,2026-09-10,SRLN,SELL,4.0,40.49,ibkr_paper,execId=00012ec5.6b55153f.01.01 orderRef='' commission=0.024128 time=2026-09-10 13:43:42+00:00
2026-09-10T16:07:56.235357+00:00,2026-09-10,SRLN,SELL,4.0,40.49,ibkr_paper,execId=00012ec5.6b551540.01.01 orderRef='' commission=0.024128 time=2026-09-10 13:43:42+00:00
2026-09-10T16:07:56.238676+00:00,2026-09-10,SRLN,SELL,4.0,40.49,ibkr_paper,execId=00012ec5.6b551541.01.01 orderRef='' commission=0.024128 time=2026-09-10 13:43:42+00:00
2026-09-10T16:07:56.242050+00:00,2026-09-10,SRLN,SELL,4.0,40.49,ibkr_paper,execId=00012ec5.6b551542.01.01 orderRef='' commission=0.024128 time=2026-09-10 13:43:42+00:00
2026-09-10T16:07:56.245328+00:00,2026-09-10,SRLN,SELL,4.0,40.49,ibkr_paper,execId=00012ec5.6b551543.01.01 orderRef='' commission=0.024128 time=2026-09-10 13:43:42+00:00
2026-09-10T16:07:56.248573+00:00,2026-09-10,SRLN,SELL,4.0,40.49,ibkr_paper,execId=00012ec5.6b551544.01.01 orderRef='' commission=0.024128 time=2026-09-10 13:43:42+00:00
2026-09-10T16:07:56.251768+00:00,2026-09-10,SRLN,SELL,4.0,40.49,ibkr_paper,execId=00012ec5.6b551545.01.01 orderRef='' commission=0.024128 time=2026-09-10 13:43:42+00:00
2026-09-10T16:07:56.254943+00:00,2026-09-10,SRLN,SELL,4.0,40.49,ibkr_paper,execId=00012ec5.6b551546.01.01 orderRef='' commission=0.024128 time=2026-09-10 13:43:42+00:00
2026-09-10T16:07:56.258183+00:00,2026-09-10,SRLN,SELL,4.0,40.49,ibkr_paper,execId=00012ec5.6b551547.01.01 orderRef='' commission=0.024128 time=2026-09-10 13:43:42+00:00
2026-09-10T16:07:56.261340+00:00,2026-09-10,SRLN,SELL,4.0,40.49,ibkr_paper,execId=00012ec5.6b551548.01.01 orderRef='' commission=0.024128 time=2026-09-10 13:43:42+00:00
2026-09-10T16:07:56.264479+00:00,2026-09-10,SRLN,SELL,4.0,40.49,ibkr_paper,execId=00012ec5.6b551549.01.01 orderRef='' commission=0.024128 time=2026-09-10 13:43:42+00:00
2026-09-10T16:07:56.267620+00:00,2026-09-10,SRLN,SELL,4.0,40.49,ibkr_paper,execId=00012ec5.6b55154a.01.01 orderRef='' commission=0.024128 time=2026-09-10 13:43:42+00:00
2026-09-10T16:07:56.271044+00:00,2026-09-10,SRLN,SELL,4.0,40.49,ibkr_paper,execId=00012ec5.6b55154b.01.01 orderRef='' commission=0.024128 time=2026-09-10 13:43:42+00:00
2026-09-10T16:07:56.274164+00:00,2026-09-10,SJNK,SELL,99.0,24.6,ibkr_paper,execId=00012ec5.6b551578.01.01 orderRef='' commission=0.564771 time=2026-09-10 13:43:42+00:00
2026-09-10T16:07:56.277280+00:00,2026-09-10,SRLN,SELL,4.0,40.49,ibkr_paper,execId=00012ec5.6b551579.01.01 orderRef='' commission=0.024128 time=2026-09-10 13:43:42+00:00
2026-09-10T16:07:56.280422+00:00,2026-09-10,SRLN,SELL,4.0,40.49,ibkr_paper,execId=00012ec5.6b55157a.01.01 orderRef='' commission=0.024128 time=2026-09-10 13:43:42+00:00
2026-09-10T16:07:56.283563+00:00,2026-09-10,SRLN,SELL,4.0,40.49,ibkr_paper,execId=00012ec5.6b55157b.01.01 orderRef='' commission=0.024128 time=2026-09-10 13:43:42+00:00
2026-09-10T16:07:56.286708+00:00,2026-09-10,SRLN,SELL,4.0,40.49,ibkr_paper,execId=00012ec5.6b55157c.01.01 orderRef='' commission=0.024128 time=2026-09-10 13:43:42+00:00
2026-09-10T16:07:56.289863+00:00,2026-09-10,SRLN,SELL,4.0,40.49,ibkr_paper,execId=00012ec5.6b55157d.01.01 orderRef='' commission=0.024128 time=2026-09-10 13:43:42+00:00
2026-09-10T16:07:56.293108+00:00,2026-09-10,SRLN,SELL,4.0,40.49,ibkr_paper,execId=00012ec5.6b55157e.01.01 orderRef='' commission=0.024128 time=2026-09-10 13:43:42+00:00
2026-09-10T16:07:56.296597+00:00,2026-09-10,SRLN,SELL,4.0,40.49,ibkr_paper,execId=00012ec5.6b55157f.01.01 orderRef='' commission=0.024128 time=2026-09-10 13:43:42+00:00
2026-09-10T16:07:56.300126+00:00,2026-09-10,SRLN,SELL,4.0,40.49,ibkr_paper,execId=00012ec5.6b551580.01.01 orderRef='' commission=0.024128 time=2026-09-10 13:43:42+00:00
2026-09-10T16:07:56.303881+00:00,2026-09-10,SRLN,SELL,4.0,40.49,ibkr_paper,execId=00012ec5.6b551581.01.01 orderRef='' commission=0.024128 time=2026-09-10 13:43:42+00:00
2026-09-10T16:07:56.307483+00:00,2026-09-10,SRLN,SELL,4.0,40.49,ibkr_paper,execId=00012ec5.6b551582.01.01 orderRef='' commission=0.024128 time=2026-09-10 13:43:42+00:00
2026-09-10T16:07:56.311302+00:00,2026-09-10,SRLN,SELL,4.0,40.49,ibkr_paper,execId=00012ec5.6b551583.01.01 orderRef='' commission=0.024128 time=2026-09-10 13:43:42+00:00
2026-09-10T16:07:56.314856+00:00,2026-09-10,SRLN,SELL,4.0,40.49,ibkr_paper,execId=00012ec5.6b551584.01.01 orderRef='' commission=0.024128 time=2026-09-10 13:43:42+00:00
2026-09-10T16:07:56.327931+00:00,2026-09-10,SRLN,SELL,4.0,40.49,ibkr_paper,execId=00012ec5.6b551585.01.01 orderRef='' commission=0.024128 time=2026-09-10 13:43:42+00:00
2026-09-10T16:07:56.331693+00:00,2026-09-10,SRLN,SELL,4.0,40.49,ibkr_paper,execId=00012ec5.6b551586.01.01 orderRef='' commission=0.024128 time=2026-09-10 13:43:42+00:00
2026-09-10T16:07:56.336941+00:00,2026-09-10,SHYG,BUY,36.0,42.02,ibkr_paper,execId=00012ec5.6b5515ca.01.01 orderRef='' commission=0.180108 time=2026-09-10 13:43:42+00:00
2026-09-10T16:07:56.340692+00:00,2026-09-10,SHYG,BUY,12.0,42.02,ibkr_paper,execId=00012ec5.6b5515cb.01.01 orderRef='' commission=0.060036 time=2026-09-10 13:43:42+00:00
2026-09-10T16:07:56.344490+00:00,2026-09-10,SHYG,BUY,12.0,42.02,ibkr_paper,execId=00012ec5.6b5515cc.01.01 orderRef='' commission=0.060036 time=2026-09-10 13:43:42+00:00
2026-09-10T16:07:56.348041+00:00,2026-09-10,SRLN,SELL,4.0,40.49,ibkr_paper,execId=00012ec5.6b5515da.01.01 orderRef='' commission=0.024128 time=2026-09-10 13:43:43+00:00
2026-09-10T16:07:56.351513+00:00,2026-09-10,SRLN,SELL,4.0,40.49,ibkr_paper,execId=00012ec5.6b5515db.01.01 orderRef='' commission=0.024128 time=2026-09-10 13:43:43+00:00
2026-09-10T16:07:56.354924+00:00,2026-09-10,SRLN,SELL,4.0,40.49,ibkr_paper,execId=00012ec5.6b5515dc.01.01 orderRef='' commission=0.024128 time=2026-09-10 13:43:43+00:00
2026-09-10T16:07:56.358372+00:00,2026-09-10,SRLN,SELL,4.0,40.49,ibkr_paper,execId=00012ec5.6b5515dd.01.01 orderRef='' commission=0.024128 time=2026-09-10 13:43:43+00:00
2026-09-10T16:07:56.361929+00:00,2026-09-10,SRLN,SELL,4.0,40.49,ibkr_paper,execId=00012ec5.6b5515de.01.01 orderRef='' commission=0.024128 time=2026-09-10 13:43:43+00:00
2026-09-10T16:07:56.365548+00:00,2026-09-10,SRLN,SELL,4.0,40.49,ibkr_paper,execId=00012ec5.6b5515df.01.01 orderRef='' commission=0.024128 time=2026-09-10 13:43:43+00:00
2026-09-10T16:07:56.369076+00:00,2026-09-10,SRLN,SELL,4.0,40.49,ibkr_paper,execId=00012ec5.6b5515e0.01.01 orderRef='' commission=0.024128 time=2026-09-10 13:43:43+00:00
2026-09-10T16:07:56.372490+00:00,2026-09-10,SRLN,SELL,4.0,40.49,ibkr_paper,execId=00012ec5.6b5515e1.01.01 orderRef='' commission=0.024128 time=2026-09-10 13:43:43+00:00
2026-09-10T16:07:56.375882+00:00,2026-09-10,SRLN,SELL,4.0,40.49,ibkr_paper,execId=00012ec5.6b5515e2.01.01 orderRef='' commission=0.024128 time=2026-09-10 13:43:43+00:00
2026-09-10T16:07:56.379244+00:00,2026-09-10,SRLN,SELL,4.0,40.49,ibkr_paper,execId=00012ec5.6b5515e3.01.01 orderRef='' commission=0.024128 time=2026-09-10 13:43:43+00:00
2026-09-10T16:07:56.382572+00:00,2026-09-10,SRLN,SELL,4.0,40.49,ibkr_paper,execId=00012ec5.6b5515e4.01.01 orderRef='' commission=0.024128 time=2026-09-10 13:43:43+00:00
2026-09-10T16:07:56.385917+00:00,2026-09-10,SRLN,SELL,4.0,40.49,ibkr_paper,execId=00012ec5.6b5515e5.01.01 orderRef='' commission=0.024128 time=2026-09-10 13:43:43+00:00
2026-09-10T16:07:56.389263+00:00,2026-09-10,SRLN,SELL,4.0,40.49,ibkr_paper,execId=00012ec5.6b5515e6.01.01 orderRef='' commission=0.024128 time=2026-09-10 13:43:43+00:00
2026-09-10T16:07:56.392628+00:00,2026-09-10,SRLN,SELL,4.0,40.49,ibkr_paper,execId=00012ec5.6b5515e7.01.01 orderRef='' commission=0.024128 time=2026-09-10 13:43:43+00:00
2026-09-10T16:07:56.395983+00:00,2026-09-10,SRLN,SELL,4.0,40.49,ibkr_paper,execId=00012ec5.6b5515e8.01.01 orderRef='' commission=0.024128 time=2026-09-10 13:43:43+00:00
2026-09-10T16:07:56.399339+00:00,2026-09-10,SRLN,SELL,4.0,40.49,ibkr_paper,execId=00012ec5.6b5515e9.01.01 orderRef='' commission=0.024128 time=2026-09-10 13:43:43+00:00
2026-09-10T16:07:56.402674+00:00,2026-09-10,VCSH,SELL,1.0,77.9,ibkr_paper,execId=00012ec5.6b5515fb.01.01 orderRef='' commission=0.006803 time=2026-09-10 13:43:43+00:00
2026-09-10T16:07:56.406029+00:00,2026-09-10,VCSH,SELL,1.0,77.9,ibkr_paper,execId=00012ec5.6b5515fc.01.01 orderRef='' commission=0.006803 time=2026-09-10 13:43:43+00:00
2026-09-10T16:07:56.409438+00:00,2026-09-10,VCSH,SELL,1.0,77.9,ibkr_paper,execId=00012ec5.6b5515fd.01.01 orderRef='' commission=0.006803 time=2026-09-10 13:43:43+00:00
2026-09-10T16:07:56.413059+00:00,2026-09-10,VCSH,SELL,1.0,77.9,ibkr_paper,execId=00012ec5.6b5515fe.01.01 orderRef='' commission=0.006803 time=2026-09-10 13:43:43+00:00
2026-09-10T16:07:56.416705+00:00,2026-09-10,VCSH,SELL,1.0,77.9,ibkr_paper,execId=00012ec5.6b5515ff.01.01 orderRef='' commission=0.006803 time=2026-09-10 13:43:43+00:00
2026-09-10T16:07:56.420141+00:00,2026-09-10,VCSH,SELL,1.0,77.9,ibkr_paper,execId=00012ec5.6b551600.01.01 orderRef='' commission=0.006803 time=2026-09-10 13:43:43+00:00
2026-09-10T16:07:56.423628+00:00,2026-09-10,VCSH,SELL,1.0,77.9,ibkr_paper,execId=00012ec5.6b551601.01.01 orderRef='' commission=0.006803 time=2026-09-10 13:43:43+00:00
2026-09-10T16:07:56.427167+00:00,2026-09-10,VCSH,SELL,1.0,77.9,ibkr_paper,execId=00012ec5.6b551602.01.01 orderRef='' commission=0.006803 time=2026-09-10 13:43:43+00:00
2026-09-10T16:07:56.430689+00:00,2026-09-10,VCSH,SELL,1.0,77.9,ibkr_paper,execId=00012ec5.6b551603.01.01 orderRef='' commission=0.006803 time=2026-09-10 13:43:43+00:00
2026-09-10T16:07:56.434445+00:00,2026-09-10,VCSH,SELL,1.0,77.9,ibkr_paper,execId=00012ec5.6b551604.01.01 orderRef='' commission=0.006803 time=2026-09-10 13:43:43+00:00
2026-09-10T16:07:56.438139+00:00,2026-09-10,VCSH,SELL,1.0,77.9,ibkr_paper,execId=00012ec5.6b551605.01.01 orderRef='' commission=0.006803 time=2026-09-10 13:43:43+00:00
2026-09-10T16:07:56.441593+00:00,2026-09-10,SRLN,SELL,380.0,40.49,ibkr_paper,execId=00012ec5.6b55167d.01.01 orderRef='' commission=2.292196 time=2026-09-10 13:43:44+00:00
2026-09-10T16:07:56.445018+00:00,2026-09-10,SRLN,SELL,4.0,40.49,ibkr_paper,execId=00012ec5.6b55167e.01.01 orderRef='' commission=0.024128 time=2026-09-10 13:43:44+00:00
2026-09-10T16:07:56.448484+00:00,2026-09-10,SRLN,SELL,4.0,40.49,ibkr_paper,execId=00012ec5.6b55167f.01.01 orderRef='' commission=0.024128 time=2026-09-10 13:43:44+00:00
2026-09-10T16:07:56.451967+00:00,2026-09-10,SRLN,SELL,4.0,40.49,ibkr_paper,execId=00012ec5.6b551680.01.01 orderRef='' commission=0.024128 time=2026-09-10 13:43:44+00:00
2026-09-10T16:07:56.455432+00:00,2026-09-10,SRLN,SELL,4.0,40.49,ibkr_paper,execId=00012ec5.6b551681.01.01 orderRef='' commission=0.024128 time=2026-09-10 13:43:44+00:00
2026-09-10T16:07:56.458926+00:00,2026-09-10,SRLN,SELL,4.0,40.49,ibkr_paper,execId=00012ec5.6b551682.01.01 orderRef='' commission=0.024128 time=2026-09-10 13:43:44+00:00
2026-09-10T16:07:56.462601+00:00,2026-09-10,SRLN,SELL,4.0,40.49,ibkr_paper,execId=00012ec5.6b551683.01.01 orderRef='' commission=0.024128 time=2026-09-10 13:43:44+00:00
2026-09-10T16:07:56.466053+00:00,2026-09-10,SRLN,SELL,4.0,40.49,ibkr_paper,execId=00012ec5.6b551684.01.01 orderRef='' commission=0.024128 time=2026-09-10 13:43:44+00:00
2026-09-10T16:07:56.469537+00:00,2026-09-10,SRLN,SELL,4.0,40.49,ibkr_paper,execId=00012ec5.6b551685.01.01 orderRef='' commission=0.024128 time=2026-09-10 13:43:44+00:00
2026-09-10T16:07:56.473421+00:00,2026-09-10,SRLN,SELL,4.0,40.49,ibkr_paper,execId=00012ec5.6b551686.01.01 orderRef='' commission=0.024128 time=2026-09-10 13:43:44+00:00
2026-09-10T16:07:56.476967+00:00,2026-09-10,SRLN,SELL,4.0,40.49,ibkr_paper,execId=00012ec5.6b551687.01.01 orderRef='' commission=0.024128 time=2026-09-10 13:43:44+00:00
2026-09-10T16:07:56.480512+00:00,2026-09-10,SRLN,SELL,4.0,40.49,ibkr_paper,execId=00012ec5.6b551688.01.01 orderRef='' commission=0.024128 time=2026-09-10 13:43:44+00:00
2026-09-10T16:07:56.484044+00:00,2026-09-10,SRLN,SELL,4.0,40.49,ibkr_paper,execId=00012ec5.6b551689.01.01 orderRef='' commission=0.024128 time=2026-09-10 13:43:44+00:00
2026-09-10T16:07:56.487540+00:00,2026-09-10,SRLN,SELL,4.0,40.49,ibkr_paper,execId=00012ec5.6b55168a.01.01 orderRef='' commission=0.024128 time=2026-09-10 13:43:44+00:00
2026-09-10T16:07:56.491321+00:00,2026-09-10,SRLN,SELL,4.0,40.49,ibkr_paper,execId=00012ec5.6b55168b.01.01 orderRef='' commission=0.024128 time=2026-09-10 13:43:44+00:00
2026-09-10T16:07:56.494970+00:00,2026-09-10,VCSH,SELL,1.0,77.9,ibkr_paper,execId=00012ec5.6b551713.01.01 orderRef='' commission=0.006803 time=2026-09-10 13:43:45+00:00
2026-09-10T16:07:56.498561+00:00,2026-09-10,VCSH,SELL,1.0,77.9,ibkr_paper,execId=00012ec5.6b551714.01.01 orderRef='' commission=0.006803 time=2026-09-10 13:43:45+00:00
2026-09-10T16:07:56.502160+00:00,2026-09-10,VCSH,SELL,1.0,77.9,ibkr_paper,execId=00012ec5.6b551715.01.01 orderRef='' commission=0.006803 time=2026-09-10 13:43:45+00:00
2026-09-10T16:07:56.505703+00:00,2026-09-10,VCSH,SELL,1.0,77.9,ibkr_paper,execId=00012ec5.6b551716.01.01 orderRef='' commission=0.006803 time=2026-09-10 13:43:45+00:00
2026-09-10T16:07:56.509257+00:00,2026-09-10,VCSH,SELL,1.0,77.9,ibkr_paper,execId=00012ec5.6b551717.01.01 orderRef='' commission=0.006803 time=2026-09-10 13:43:45+00:00
2026-09-10T16:07:56.512837+00:00,2026-09-10,VCSH,SELL,1.0,77.9,ibkr_paper,execId=00012ec5.6b551718.01.01 orderRef='' commission=0.006803 time=2026-09-10 13:43:45+00:00
2026-09-10T16:07:56.516350+00:00,2026-09-10,VCSH,SELL,1.0,77.9,ibkr_paper,execId=00012ec5.6b551719.01.01 orderRef='' commission=0.006803 time=2026-09-10 13:43:45+00:00
2026-09-10T16:07:56.519906+00:00,2026-09-10,SRLN,SELL,4.0,40.49,ibkr_paper,execId=00012ec5.6b55178a.01.01 orderRef='' commission=0.024128 time=2026-09-10 13:43:47+00:00
2026-09-10T16:07:56.523452+00:00,2026-09-10,SRLN,SELL,4.0,40.49,ibkr_paper,execId=00012ec5.6b55178b.01.01 orderRef='' commission=0.024128 time=2026-09-10 13:43:47+00:00
2026-09-10T16:07:56.527108+00:00,2026-09-10,SRLN,SELL,4.0,40.49,ibkr_paper,execId=00012ec5.6b55178c.01.01 orderRef='' commission=0.024128 time=2026-09-10 13:43:47+00:00
2026-09-10T16:07:56.530675+00:00,2026-09-10,BKLN,BUY,792.0,20.6,ibkr_paper,execId=00012ec5.6b5517cb.01.01 orderRef='' commission=3.962376 time=2026-09-10 13:43:48+00:00
2026-09-10T16:07:56.534233+00:00,2026-09-10,BKLN,BUY,8.0,20.6,ibkr_paper,execId=00012ec5.6b551854.01.01 orderRef='' commission=0.040024 time=2026-09-10 13:43:49+00:00
2026-09-10T16:07:56.537820+00:00,2026-09-10,VCSH,SELL,97.0,77.9,ibkr_paper,execId=00012ec5.6b551946.01.01 orderRef='' commission=0.659866 time=2026-09-10 13:43:51+00:00
2026-09-10T16:07:56.541407+00:00,2026-09-10,SRLN,SELL,4.0,40.49,ibkr_paper,execId=00012ec5.6b5519a5.01.01 orderRef='' commission=0.024128 time=2026-09-10 13:43:52+00:00
2026-09-10T16:07:56.545063+00:00,2026-09-10,BKLN,BUY,8.0,20.6,ibkr_paper,execId=00012ec5.6b5519eb.01.01 orderRef='' commission=0.040024 time=2026-09-10 13:43:53+00:00
2026-09-10T16:07:56.548644+00:00,2026-09-10,SRLN,SELL,4.0,40.49,ibkr_paper,execId=00012ec5.6b551a30.01.01 orderRef='' commission=0.024128 time=2026-09-10 13:43:55+00:00
2026-09-10T16:07:56.552340+00:00,2026-09-10,SRLN,SELL,4.0,40.49,ibkr_paper,execId=00012ec5.6b551a8b.01.01 orderRef='' commission=0.024128 time=2026-09-10 13:43:56+00:00
2026-09-10T16:07:56.556361+00:00,2026-09-10,SRLN,SELL,4.0,40.49,ibkr_paper,execId=00012ec5.6b551b0b.01.01 orderRef='' commission=0.024128 time=2026-09-10 13:43:57+00:00
2026-09-10T16:07:56.560284+00:00,2026-09-10,SRLN,SELL,4.0,40.49,ibkr_paper,execId=00012ec5.6b551b5c.01.01 orderRef='' commission=0.024128 time=2026-09-10 13:43:58+00:00
2026-09-10T16:07:56.564510+00:00,2026-09-10,BKLN,BUY,8.0,20.6,ibkr_paper,execId=00012ec5.6b551bd7.01.01 orderRef='' commission=0.040024 time=2026-09-10 13:43:59+00:00
2026-09-10T16:07:56.568432+00:00,2026-09-10,SRLN,SELL,4.0,40.49,ibkr_paper,execId=00012ec5.6b551c2e.01.01 orderRef='' commission=0.024128 time=2026-09-10 13:44:01+00:00
2026-09-10T16:07:56.572457+00:00,2026-09-10,SRLN,SELL,4.0,40.49,ibkr_paper,execId=00012ec5.6b551c89.01.01 orderRef='' commission=0.024128 time=2026-09-10 13:44:02+00:00
2026-09-10T16:07:56.576370+00:00,2026-09-10,VCSH,SELL,1.0,77.9,ibkr_paper,execId=00012ec5.6b551cbb.01.01 orderRef='' commission=0.006803 time=2026-09-10 13:44:03+00:00
2026-09-10T16:07:56.580230+00:00,2026-09-10,SRLN,SELL,4.0,40.49,ibkr_paper,execId=00012ec5.6b551cfc.01.01 orderRef='' commission=0.024128 time=2026-09-10 13:44:05+00:00
2026-09-10T16:07:56.584182+00:00,2026-09-10,SJNK,SELL,100.0,24.63,ibkr_paper,execId=00012ec5.6b551d3f.01.01 orderRef='' commission=0.570538 time=2026-09-10 13:44:06+00:00
2026-09-10T16:07:56.588053+00:00,2026-09-10,BKLN,BUY,8.0,20.6,ibkr_paper,execId=00012ec5.6b551d79.01.01 orderRef='' commission=0.040024 time=2026-09-10 13:44:07+00:00
2026-09-10T16:07:56.591814+00:00,2026-09-10,SRLN,SELL,4.0,40.49,ibkr_paper,execId=00012ec5.6b551dcd.01.01 orderRef='' commission=0.024128 time=2026-09-10 13:44:09+00:00
2026-09-10T16:07:56.595590+00:00,2026-09-10,SRLN,SELL,4.0,40.49,ibkr_paper,execId=00012ec5.6b551e3f.01.01 orderRef='' commission=0.024128 time=2026-09-10 13:44:10+00:00
2026-09-10T16:07:56.599339+00:00,2026-09-10,SRLN,SELL,4.0,40.49,ibkr_paper,execId=00012ec5.6b551ea2.01.01 orderRef='' commission=0.024128 time=2026-09-10 13:44:12+00:00
2026-09-10T16:07:56.603235+00:00,2026-09-10,SRLN,SELL,4.0,40.49,ibkr_paper,execId=00012ec5.6b551ed9.01.01 orderRef='' commission=0.024128 time=2026-09-10 13:44:13+00:00
2026-09-10T16:07:56.606988+00:00,2026-09-10,SRLN,SELL,364.0,40.49,ibkr_paper,execId=00012ec5.6b551f0a.01.01 orderRef='' commission=2.195682 time=2026-09-10 13:44:14+00:00
2026-09-10T16:07:56.610739+00:00,2026-09-10,BKLN,BUY,272.0,20.6,ibkr_paper,execId=00012ec5.6b551f73.01.01 orderRef='' commission=1.360816 time=2026-09-10 13:44:15+00:00
2026-09-10T16:07:56.614483+00:00,2026-09-10,VCSH,SELL,97.0,77.9,ibkr_paper,execId=00012ec5.6b552003.01.01 orderRef='' commission=0.659866 time=2026-09-10 13:44:17+00:00
2026-09-10T16:07:56.618193+00:00,2026-09-10,VCSH,SELL,59.0,77.9,ibkr_paper,execId=00012ec5.6b552069.01.01 orderRef='' commission=0.401362 time=2026-09-10 13:44:18+00:00
2026-09-10T16:07:56.621901+00:00,2026-09-10,BKLN,BUY,8.0,20.6,ibkr_paper,execId=00012ec5.6b5520ce.01.01 orderRef='' commission=0.040024 time=2026-09-10 13:44:19+00:00
2026-09-10T16:07:56.625676+00:00,2026-09-10,SRLN,SELL,4.0,40.49,ibkr_paper,execId=00012ec5.6b55211d.01.01 orderRef='' commission=0.024128 time=2026-09-10 13:44:21+00:00
2026-09-10T16:07:56.629684+00:00,2026-09-10,SRLN,SELL,4.0,40.49,ibkr_paper,execId=00012ec5.6b55216f.01.01 orderRef='' commission=0.024128 time=2026-09-10 13:44:22+00:00
2026-09-10T16:07:56.633498+00:00,2026-09-10,SJNK,SELL,100.0,24.63,ibkr_paper,execId=00012ec5.6b5521dc.01.01 orderRef='' commission=0.570538 time=2026-09-10 13:44:23+00:00
2026-09-10T16:07:56.637378+00:00,2026-09-10,VCSH,SELL,12.0,77.9,ibkr_paper,execId=00012ec5.6b552208.01.01 orderRef='' commission=0.081633 time=2026-09-10 13:44:24+00:00
2026-09-10T16:07:56.641140+00:00,2026-09-10,BKLN,BUY,80.0,20.6,ibkr_paper,execId=00012ec5.6b552260.01.01 orderRef='' commission=0.40024 time=2026-09-10 13:44:25+00:00
2026-09-10T16:07:56.644906+00:00,2026-09-10,SRLN,SELL,4.0,40.49,ibkr_paper,execId=00012ec5.6b5522bd.01.01 orderRef='' commission=0.024128 time=2026-09-10 13:44:27+00:00
2026-09-10T16:07:56.648669+00:00,2026-09-10,BKLN,BUY,8.0,20.6,ibkr_paper,execId=00012ec5.6b55231c.01.01 orderRef='' commission=0.040024 time=2026-09-10 13:44:28+00:00
2026-09-10T16:07:56.652425+00:00,2026-09-10,SRLN,SELL,4.0,40.49,ibkr_paper,execId=00012ec5.6b5523a6.01.01 orderRef='' commission=0.024128 time=2026-09-10 13:44:30+00:00
2026-09-10T16:07:56.656459+00:00,2026-09-10,SJNK,SELL,100.0,24.63,ibkr_paper,execId=00012ec5.6b552409.01.01 orderRef='' commission=0.570538 time=2026-09-10 13:44:31+00:00
2026-09-10T16:07:56.660602+00:00,2026-09-10,SJNK,SELL,100.0,24.63,ibkr_paper,execId=00012ec5.6b552485.01.01 orderRef='' commission=0.570538 time=2026-09-10 13:44:33+00:00
2026-09-10T16:07:56.664760+00:00,2026-09-10,SRLN,SELL,4.0,40.49,ibkr_paper,execId=00012ec5.6b552502.01.01 orderRef='' commission=0.024128 time=2026-09-10 13:44:35+00:00
2026-09-10T16:07:56.668799+00:00,2026-09-10,SRLN,SELL,372.0,40.49,ibkr_paper,execId=00012ec5.6b552503.01.01 orderRef='' commission=2.243939 time=2026-09-10 13:44:35+00:00
2026-09-10T16:07:56.672876+00:00,2026-09-10,SRLN,SELL,4.0,40.49,ibkr_paper,execId=00012ec5.6b552514.01.01 orderRef='' commission=0.024128 time=2026-09-10 13:44:35+00:00
2026-09-10T16:07:56.676831+00:00,2026-09-10,SRLN,SELL,360.0,40.49,ibkr_paper,execId=00012ec5.6b552515.01.01 orderRef='' commission=2.171554 time=2026-09-10 13:44:35+00:00
2026-09-10T16:07:56.680910+00:00,2026-09-10,SRLN,SELL,4.0,40.49,ibkr_paper,execId=00012ec5.6b552516.01.01 orderRef='' commission=0.024128 time=2026-09-10 13:44:35+00:00
2026-09-10T16:07:56.684803+00:00,2026-09-10,SRLN,SELL,4.0,40.49,ibkr_paper,execId=00012ec5.6b552517.01.01 orderRef='' commission=0.024128 time=2026-09-10 13:44:35+00:00
2026-09-10T16:07:56.689188+00:00,2026-09-10,SRLN,SELL,4.0,40.49,ibkr_paper,execId=00012ec5.6b552518.01.01 orderRef='' commission=0.024128 time=2026-09-10 13:44:35+00:00
2026-09-10T16:07:56.693318+00:00,2026-09-10,SRLN,SELL,4.0,40.49,ibkr_paper,execId=00012ec5.6b552519.01.01 orderRef='' commission=0.024128 time=2026-09-10 13:44:35+00:00
2026-09-10T16:07:56.697389+00:00,2026-09-10,SRLN,SELL,4.0,40.49,ibkr_paper,execId=00012ec5.6b55251a.01.01 orderRef='' commission=0.024128 time=2026-09-10 13:44:35+00:00
2026-09-10T16:07:56.701392+00:00,2026-09-10,SRLN,SELL,4.0,40.49,ibkr_paper,execId=00012ec5.6b55251b.01.01 orderRef='' commission=0.024128 time=2026-09-10 13:44:35+00:00
2026-09-10T16:07:56.705531+00:00,2026-09-10,SRLN,SELL,4.0,40.49,ibkr_paper,execId=00012ec5.6b55251c.01.01 orderRef='' commission=0.024128 time=2026-09-10 13:44:35+00:00
2026-09-10T16:07:56.709639+00:00,2026-09-10,SRLN,SELL,4.0,40.49,ibkr_paper,execId=00012ec5.6b55251d.01.01 orderRef='' commission=0.024128 time=2026-09-10 13:44:35+00:00
2026-09-10T16:07:56.713675+00:00,2026-09-10,SRLN,SELL,4.0,40.49,ibkr_paper,execId=00012ec5.6b55251e.01.01 orderRef='' commission=0.024128 time=2026-09-10 13:44:35+00:00
2026-09-10T16:07:56.717785+00:00,2026-09-10,SRLN,SELL,4.0,40.49,ibkr_paper,execId=00012ec5.6b55251f.01.01 orderRef='' commission=0.024128 time=2026-09-10 13:44:35+00:00
2026-09-10T16:07:56.722222+00:00,2026-09-10,SRLN,SELL,4.0,40.49,ibkr_paper,execId=00012ec5.6b552520.01.01 orderRef='' commission=0.024128 time=2026-09-10 13:44:35+00:00
2026-09-10T16:07:56.726389+00:00,2026-09-10,SRLN,SELL,4.0,40.49,ibkr_paper,execId=00012ec5.6b552521.01.01 orderRef='' commission=0.024128 time=2026-09-10 13:44:35+00:00
2026-09-10T16:07:56.730513+00:00,2026-09-10,SRLN,SELL,4.0,40.49,ibkr_paper,execId=00012ec5.6b552522.01.01 orderRef='' commission=0.024128 time=2026-09-10 13:44:35+00:00
2026-09-10T16:07:56.734569+00:00,2026-09-10,SRLN,SELL,4.0,40.49,ibkr_paper,execId=00012ec5.6b552523.01.01 orderRef='' commission=0.024128 time=2026-09-10 13:44:35+00:00
2026-09-10T16:07:56.738683+00:00,2026-09-10,SRLN,SELL,4.0,40.49,ibkr_paper,execId=00012ec5.6b552524.01.01 orderRef='' commission=0.024128 time=2026-09-10 13:44:35+00:00
2026-09-10T16:07:56.742718+00:00,2026-09-10,SRLN,SELL,4.0,40.49,ibkr_paper,execId=00012ec5.6b552525.01.01 orderRef='' commission=0.024128 time=2026-09-10 13:44:35+00:00
2026-09-10T16:07:56.746871+00:00,2026-09-10,SRLN,SELL,4.0,40.49,ibkr_paper,execId=00012ec5.6b552526.01.01 orderRef='' commission=0.024128 time=2026-09-10 13:44:35+00:00
2026-09-10T16:07:56.750893+00:00,2026-09-10,SRLN,SELL,4.0,40.49,ibkr_paper,execId=00012ec5.6b552527.01.01 orderRef='' commission=0.024128 time=2026-09-10 13:44:35+00:00
2026-09-10T16:07:56.755034+00:00,2026-09-10,SRLN,SELL,4.0,40.49,ibkr_paper,execId=00012ec5.6b552528.01.01 orderRef='' commission=0.024128 time=2026-09-10 13:44:35+00:00
2026-09-10T16:07:56.759176+00:00,2026-09-10,SRLN,SELL,4.0,40.49,ibkr_paper,execId=00012ec5.6b552529.01.01 orderRef='' commission=0.024128 time=2026-09-10 13:44:35+00:00
2026-09-10T16:07:56.763568+00:00,2026-09-10,SRLN,SELL,4.0,40.49,ibkr_paper,execId=00012ec5.6b55252a.01.01 orderRef='' commission=0.024128 time=2026-09-10 13:44:35+00:00
2026-09-10T16:07:56.776040+00:00,2026-09-10,SRLN,SELL,4.0,40.49,ibkr_paper,execId=00012ec5.6b55252b.01.01 orderRef='' commission=0.024128 time=2026-09-10 13:44:35+00:00
2026-09-10T16:07:56.805457+00:00,2026-09-10,SRLN,SELL,4.0,40.49,ibkr_paper,execId=00012ec5.6b55252c.01.01 orderRef='' commission=0.024128 time=2026-09-10 13:44:35+00:00
2026-09-10T16:07:56.812280+00:00,2026-09-10,SRLN,SELL,4.0,40.49,ibkr_paper,execId=00012ec5.6b55252d.01.01 orderRef='' commission=0.024128 time=2026-09-10 13:44:35+00:00
2026-09-10T16:07:56.817511+00:00,2026-09-10,SRLN,SELL,4.0,40.49,ibkr_paper,execId=00012ec5.6b55252e.01.01 orderRef='' commission=0.024128 time=2026-09-10 13:44:35+00:00
2026-09-10T16:07:56.823498+00:00,2026-09-10,SRLN,SELL,4.0,40.49,ibkr_paper,execId=00012ec5.6b55252f.01.01 orderRef='' commission=0.024128 time=2026-09-10 13:44:35+00:00
2026-09-10T16:07:56.827882+00:00,2026-09-10,SRLN,SELL,4.0,40.49,ibkr_paper,execId=00012ec5.6b552530.01.01 orderRef='' commission=0.024128 time=2026-09-10 13:44:35+00:00
2026-09-10T16:07:56.832175+00:00,2026-09-10,SRLN,SELL,4.0,40.49,ibkr_paper,execId=00012ec5.6b552531.01.01 orderRef='' commission=0.024128 time=2026-09-10 13:44:35+00:00
2026-09-10T16:07:56.836387+00:00,2026-09-10,SRLN,SELL,4.0,40.49,ibkr_paper,execId=00012ec5.6b552532.01.01 orderRef='' commission=0.024128 time=2026-09-10 13:44:35+00:00
2026-09-10T16:07:56.840641+00:00,2026-09-10,SRLN,SELL,4.0,40.49,ibkr_paper,execId=00012ec5.6b552533.01.01 orderRef='' commission=0.024128 time=2026-09-10 13:44:35+00:00
2026-09-10T16:07:56.844864+00:00,2026-09-10,SRLN,SELL,94.0,40.49,ibkr_paper,execId=00012ec5.6b552571.01.01 orderRef='' commission=0.567017 time=2026-09-10 13:44:37+00:00
2026-09-10T16:07:56.849111+00:00,2026-09-10,SRLN,SELL,4.0,40.49,ibkr_paper,execId=00012ec5.6b552572.01.01 orderRef='' commission=0.024128 time=2026-09-10 13:44:37+00:00
2026-09-10T16:07:56.853261+00:00,2026-09-10,SRLN,SELL,4.0,40.49,ibkr_paper,execId=00012ec5.6b552573.01.01 orderRef='' commission=0.024128 time=2026-09-10 13:44:37+00:00
2026-09-10T16:07:56.857487+00:00,2026-09-10,SRLN,SELL,4.0,40.49,ibkr_paper,execId=00012ec5.6b552574.01.01 orderRef='' commission=0.024128 time=2026-09-10 13:44:37+00:00
2026-09-10T16:07:56.861670+00:00,2026-09-10,SRLN,SELL,4.0,40.49,ibkr_paper,execId=00012ec5.6b552575.01.01 orderRef='' commission=0.024128 time=2026-09-10 13:44:37+00:00
2026-09-10T16:07:56.865875+00:00,2026-09-10,SRLN,SELL,4.0,40.49,ibkr_paper,execId=00012ec5.6b552576.01.01 orderRef='' commission=0.024128 time=2026-09-10 13:44:37+00:00
2026-09-10T16:07:56.870093+00:00,2026-09-10,SRLN,SELL,4.0,40.49,ibkr_paper,execId=00012ec5.6b552577.01.01 orderRef='' commission=0.024128 time=2026-09-10 13:44:37+00:00
2026-09-10T16:07:56.874517+00:00,2026-09-10,SRLN,SELL,4.0,40.49,ibkr_paper,execId=00012ec5.6b552578.01.01 orderRef='' commission=0.024128 time=2026-09-10 13:44:37+00:00
2026-09-10T16:07:56.881344+00:00,2026-09-10,SRLN,SELL,4.0,40.49,ibkr_paper,execId=00012ec5.6b552579.01.01 orderRef='' commission=0.024128 time=2026-09-10 13:44:37+00:00
2026-09-10T16:07:56.885848+00:00,2026-09-10,SRLN,SELL,4.0,40.49,ibkr_paper,execId=00012ec5.6b55257a.01.01 orderRef='' commission=0.024128 time=2026-09-10 13:44:37+00:00
2026-09-10T16:07:56.890428+00:00,2026-09-10,SRLN,SELL,4.0,40.49,ibkr_paper,execId=00012ec5.6b55257b.01.01 orderRef='' commission=0.024128 time=2026-09-10 13:44:37+00:00
2026-09-10T16:07:56.894820+00:00,2026-09-10,SRLN,SELL,270.0,40.49,ibkr_paper,execId=00012ec5.6b55259b.01.01 orderRef='' commission=1.628665 time=2026-09-10 13:44:37+00:00
2026-09-10T16:07:56.899336+00:00,2026-09-10,SRLN,SELL,4.0,40.49,ibkr_paper,execId=00012ec5.6b55259c.01.01 orderRef='' commission=0.024128 time=2026-09-10 13:44:37+00:00
2026-09-10T16:07:56.903612+00:00,2026-09-10,SRLN,SELL,4.0,40.49,ibkr_paper,execId=00012ec5.6b55259d.01.01 orderRef='' commission=0.024128 time=2026-09-10 13:44:37+00:00
2026-09-10T16:07:56.907979+00:00,2026-09-10,SRLN,SELL,4.0,40.49,ibkr_paper,execId=00012ec5.6b55259e.01.01 orderRef='' commission=0.024128 time=2026-09-10 13:44:37+00:00
2026-09-10T16:07:56.912227+00:00,2026-09-10,SRLN,SELL,4.0,40.49,ibkr_paper,execId=00012ec5.6b55259f.01.01 orderRef='' commission=0.024128 time=2026-09-10 13:44:37+00:00
2026-09-10T16:07:56.916529+00:00,2026-09-10,SRLN,SELL,4.0,40.49,ibkr_paper,execId=00012ec5.6b5525a0.01.01 orderRef='' commission=0.024128 time=2026-09-10 13:44:37+00:00
2026-09-10T16:07:56.920990+00:00,2026-09-10,SRLN,SELL,4.0,40.49,ibkr_paper,execId=00012ec5.6b5525a1.01.01 orderRef='' commission=0.024128 time=2026-09-10 13:44:37+00:00
2026-09-10T16:07:56.925292+00:00,2026-09-10,SRLN,SELL,4.0,40.49,ibkr_paper,execId=00012ec5.6b5525a2.01.01 orderRef='' commission=0.024128 time=2026-09-10 13:44:37+00:00
2026-09-10T16:07:56.929539+00:00,2026-09-10,SRLN,SELL,4.0,40.49,ibkr_paper,execId=00012ec5.6b5525a3.01.01 orderRef='' commission=0.024128 time=2026-09-10 13:44:37+00:00
2026-09-10T16:07:56.933861+00:00,2026-09-10,SRLN,SELL,4.0,40.49,ibkr_paper,execId=00012ec5.6b5525a4.01.01 orderRef='' commission=0.024128 time=2026-09-10 13:44:37+00:00
2026-09-10T16:07:56.938191+00:00,2026-09-10,SRLN,SELL,4.0,40.49,ibkr_paper,execId=00012ec5.6b5525a5.01.01 orderRef='' commission=0.024128 time=2026-09-10 13:44:37+00:00
2026-09-10T16:07:56.942486+00:00,2026-09-10,SJNK,SELL,1.0,24.63,ibkr_paper,execId=00012ec5.6b5525a6.01.01 orderRef='' commission=0.005705 time=2026-09-10 13:44:37+00:00
2026-09-10T16:07:56.946739+00:00,2026-09-10,SJNK,SELL,1.0,24.63,ibkr_paper,execId=00012ec5.6b5525a7.01.01 orderRef='' commission=0.005705 time=2026-09-10 13:44:37+00:00
2026-09-10T16:07:56.951099+00:00,2026-09-10,SJNK,SELL,1.0,24.63,ibkr_paper,execId=00012ec5.6b5525a8.01.01 orderRef='' commission=0.005705 time=2026-09-10 13:44:37+00:00
2026-09-10T16:07:56.955450+00:00,2026-09-10,SJNK,SELL,1.0,24.63,ibkr_paper,execId=00012ec5.6b5525a9.01.01 orderRef='' commission=0.005705 time=2026-09-10 13:44:37+00:00
2026-09-10T16:07:56.959743+00:00,2026-09-10,SJNK,SELL,1.0,24.63,ibkr_paper,execId=00012ec5.6b5525aa.01.01 orderRef='' commission=0.005705 time=2026-09-10 13:44:37+00:00
2026-09-10T16:07:56.964069+00:00,2026-09-10,SJNK,SELL,1.0,24.63,ibkr_paper,execId=00012ec5.6b5525ab.01.01 orderRef='' commission=0.005705 time=2026-09-10 13:44:37+00:00
2026-09-10T16:07:56.968428+00:00,2026-09-10,SJNK,SELL,1.0,24.63,ibkr_paper,execId=00012ec5.6b5525ac.01.01 orderRef='' commission=0.005705 time=2026-09-10 13:44:37+00:00
2026-09-10T16:07:56.972746+00:00,2026-09-10,SJNK,SELL,1.0,24.63,ibkr_paper,execId=00012ec5.6b5525ad.01.01 orderRef='' commission=0.005705 time=2026-09-10 13:44:37+00:00
2026-09-10T16:07:56.977054+00:00,2026-09-10,SJNK,SELL,1.0,24.63,ibkr_paper,execId=00012ec5.6b5525ae.01.01 orderRef='' commission=0.005705 time=2026-09-10 13:44:37+00:00
2026-09-10T16:07:56.981327+00:00,2026-09-10,SJNK,SELL,1.0,24.63,ibkr_paper,execId=00012ec5.6b5525af.01.01 orderRef='' commission=0.005705 time=2026-09-10 13:44:37+00:00
2026-09-10T16:07:56.985677+00:00,2026-09-10,SJNK,SELL,1.0,24.63,ibkr_paper,execId=00012ec5.6b5525b0.01.01 orderRef='' commission=0.005705 time=2026-09-10 13:44:37+00:00
2026-09-10T16:07:56.989993+00:00,2026-09-10,SJNK,SELL,1.0,24.63,ibkr_paper,execId=00012ec5.6b5525b1.01.01 orderRef='' commission=0.005705 time=2026-09-10 13:44:37+00:00
2026-09-10T16:07:56.994343+00:00,2026-09-10,SJNK,SELL,1.0,24.63,ibkr_paper,execId=00012ec5.6b5525b2.01.01 orderRef='' commission=0.005705 time=2026-09-10 13:44:37+00:00
2026-09-10T16:07:56.998663+00:00,2026-09-10,SJNK,SELL,1.0,24.63,ibkr_paper,execId=00012ec5.6b5525b3.01.01 orderRef='' commission=0.005705 time=2026-09-10 13:44:37+00:00
2026-09-10T16:07:57.003105+00:00,2026-09-10,SRLN,SELL,4.0,40.49,ibkr_paper,execId=00012ec5.6b552622.01.01 orderRef='' commission=0.024128 time=2026-09-10 13:44:39+00:00
2026-09-10T16:07:57.007482+00:00,2026-09-10,SRLN,SELL,4.0,40.49,ibkr_paper,execId=00012ec5.6b552623.01.01 orderRef='' commission=0.024128 time=2026-09-10 13:44:39+00:00
2026-09-10T16:07:57.012423+00:00,2026-09-10,SRLN,SELL,4.0,40.49,ibkr_paper,execId=00012ec5.6b552624.01.01 orderRef='' commission=0.024128 time=2026-09-10 13:44:39+00:00
2026-09-10T16:07:57.017489+00:00,2026-09-10,SRLN,SELL,4.0,40.49,ibkr_paper,execId=00012ec5.6b552625.01.01 orderRef='' commission=0.024128 time=2026-09-10 13:44:39+00:00
2026-09-10T16:07:57.022010+00:00,2026-09-10,SRLN,SELL,4.0,40.49,ibkr_paper,execId=00012ec5.6b552626.01.01 orderRef='' commission=0.024128 time=2026-09-10 13:44:39+00:00
2026-09-10T16:07:57.026661+00:00,2026-09-10,SRLN,SELL,4.0,40.49,ibkr_paper,execId=00012ec5.6b552627.01.01 orderRef='' commission=0.024128 time=2026-09-10 13:44:39+00:00
2026-09-10T16:07:57.031229+00:00,2026-09-10,SRLN,SELL,4.0,40.49,ibkr_paper,execId=00012ec5.6b552628.01.01 orderRef='' commission=0.024128 time=2026-09-10 13:44:39+00:00
2026-09-10T16:07:57.035970+00:00,2026-09-10,SRLN,SELL,4.0,40.49,ibkr_paper,execId=00012ec5.6b552629.01.01 orderRef='' commission=0.024128 time=2026-09-10 13:44:39+00:00
2026-09-10T16:07:57.040771+00:00,2026-09-10,SRLN,SELL,4.0,40.49,ibkr_paper,execId=00012ec5.6b55262a.01.01 orderRef='' commission=0.024128 time=2026-09-10 13:44:39+00:00
2026-09-10T16:07:57.045417+00:00,2026-09-10,SRLN,SELL,4.0,40.49,ibkr_paper,execId=00012ec5.6b55262b.01.01 orderRef='' commission=0.024128 time=2026-09-10 13:44:39+00:00
2026-09-10T16:07:57.050288+00:00,2026-09-10,SJNK,SELL,1.0,24.63,ibkr_paper,execId=00012ec5.6b55263e.01.01 orderRef='' commission=0.005705 time=2026-09-10 13:44:39+00:00
2026-09-10T16:07:57.055226+00:00,2026-09-10,SJNK,SELL,1.0,24.63,ibkr_paper,execId=00012ec5.6b55263f.01.01 orderRef='' commission=0.005705 time=2026-09-10 13:44:39+00:00
2026-09-10T16:07:57.059963+00:00,2026-09-10,SJNK,SELL,1.0,24.63,ibkr_paper,execId=00012ec5.6b552640.01.01 orderRef='' commission=0.005705 time=2026-09-10 13:44:39+00:00
2026-09-10T16:07:57.064547+00:00,2026-09-10,SJNK,SELL,1.0,24.63,ibkr_paper,execId=00012ec5.6b552641.01.01 orderRef='' commission=0.005705 time=2026-09-10 13:44:39+00:00
2026-09-10T16:07:57.069128+00:00,2026-09-10,SJNK,SELL,1.0,24.63,ibkr_paper,execId=00012ec5.6b552642.01.01 orderRef='' commission=0.005705 time=2026-09-10 13:44:39+00:00
2026-09-10T16:07:57.073868+00:00,2026-09-10,SJNK,SELL,1.0,24.63,ibkr_paper,execId=00012ec5.6b552643.01.01 orderRef='' commission=0.005705 time=2026-09-10 13:44:39+00:00
2026-09-10T16:07:57.078322+00:00,2026-09-10,SJNK,SELL,1.0,24.63,ibkr_paper,execId=00012ec5.6b552644.01.01 orderRef='' commission=0.005705 time=2026-09-10 13:44:39+00:00
2026-09-10T16:07:57.082772+00:00,2026-09-10,SJNK,SELL,1.0,24.63,ibkr_paper,execId=00012ec5.6b552645.01.01 orderRef='' commission=0.005705 time=2026-09-10 13:44:39+00:00
2026-09-10T16:07:57.087270+00:00,2026-09-10,SJNK,SELL,1.0,24.63,ibkr_paper,execId=00012ec5.6b552646.01.01 orderRef='' commission=0.005705 time=2026-09-10 13:44:39+00:00
2026-09-10T16:07:57.092022+00:00,2026-09-10,SJNK,SELL,1.0,24.63,ibkr_paper,execId=00012ec5.6b552647.01.01 orderRef='' commission=0.005705 time=2026-09-10 13:44:39+00:00
2026-09-10T16:07:57.096486+00:00,2026-09-10,SJNK,SELL,1.0,24.63,ibkr_paper,execId=00012ec5.6b552648.01.01 orderRef='' commission=0.005705 time=2026-09-10 13:44:39+00:00
2026-09-10T16:07:57.101033+00:00,2026-09-10,SJNK,SELL,1.0,24.63,ibkr_paper,execId=00012ec5.6b552649.01.01 orderRef='' commission=0.005705 time=2026-09-10 13:44:39+00:00
2026-09-10T16:07:57.105788+00:00,2026-09-10,SJNK,SELL,1.0,24.63,ibkr_paper,execId=00012ec5.6b55264a.01.01 orderRef='' commission=0.005705 time=2026-09-10 13:44:39+00:00
2026-09-10T16:07:57.110568+00:00,2026-09-10,SJNK,SELL,1.0,24.63,ibkr_paper,execId=00012ec5.6b55264b.01.01 orderRef='' commission=0.005705 time=2026-09-10 13:44:39+00:00
2026-09-10T16:07:57.115564+00:00,2026-09-10,SRLN,SELL,4.0,40.49,ibkr_paper,execId=00012ec5.6b5526a8.01.01 orderRef='' commission=0.024128 time=2026-09-10 13:44:41+00:00
2026-09-10T16:07:57.120698+00:00,2026-09-10,SRLN,SELL,4.0,40.49,ibkr_paper,execId=00012ec5.6b5526a9.01.01 orderRef='' commission=0.024128 time=2026-09-10 13:44:41+00:00
2026-09-10T16:07:57.125358+00:00,2026-09-10,SRLN,SELL,4.0,40.49,ibkr_paper,execId=00012ec5.6b5526aa.01.01 orderRef='' commission=0.024128 time=2026-09-10 13:44:41+00:00
2026-09-10T16:07:57.129909+00:00,2026-09-10,SRLN,SELL,4.0,40.49,ibkr_paper,execId=00012ec5.6b5526ab.01.01 orderRef='' commission=0.024128 time=2026-09-10 13:44:41+00:00
2026-09-10T16:07:57.134438+00:00,2026-09-10,SRLN,SELL,4.0,40.49,ibkr_paper,execId=00012ec5.6b5526ac.01.01 orderRef='' commission=0.024128 time=2026-09-10 13:44:41+00:00
2026-09-10T16:07:57.139351+00:00,2026-09-10,SRLN,SELL,4.0,40.49,ibkr_paper,execId=00012ec5.6b5526ad.01.01 orderRef='' commission=0.024128 time=2026-09-10 13:44:41+00:00
2026-09-10T16:07:57.144489+00:00,2026-09-10,SRLN,SELL,4.0,40.49,ibkr_paper,execId=00012ec5.6b5526ae.01.01 orderRef='' commission=0.024128 time=2026-09-10 13:44:41+00:00
2026-09-10T16:07:57.149404+00:00,2026-09-10,SRLN,SELL,4.0,40.49,ibkr_paper,execId=00012ec5.6b5526af.01.01 orderRef='' commission=0.024128 time=2026-09-10 13:44:41+00:00
2026-09-10T16:07:57.154189+00:00,2026-09-10,SRLN,SELL,4.0,40.49,ibkr_paper,execId=00012ec5.6b5526b0.01.01 orderRef='' commission=0.024128 time=2026-09-10 13:44:41+00:00
2026-09-10T16:07:57.159070+00:00,2026-09-10,SJNK,SELL,1.0,24.63,ibkr_paper,execId=00012ec5.6b5526b2.01.01 orderRef='' commission=0.005705 time=2026-09-10 13:44:41+00:00
2026-09-10T16:07:57.163856+00:00,2026-09-10,SRLN,SELL,4.0,40.49,ibkr_paper,execId=00012ec5.6b5526b1.01.01 orderRef='' commission=0.024128 time=2026-09-10 13:44:41+00:00
2026-09-10T16:07:57.168497+00:00,2026-09-10,SJNK,SELL,1.0,24.63,ibkr_paper,execId=00012ec5.6b5526b3.01.01 orderRef='' commission=0.005705 time=2026-09-10 13:44:41+00:00
2026-09-10T16:07:57.173221+00:00,2026-09-10,SJNK,SELL,1.0,24.63,ibkr_paper,execId=00012ec5.6b5526b4.01.01 orderRef='' commission=0.005705 time=2026-09-10 13:44:41+00:00
2026-09-10T16:07:57.177833+00:00,2026-09-10,SJNK,SELL,1.0,24.63,ibkr_paper,execId=00012ec5.6b5526b5.01.01 orderRef='' commission=0.005705 time=2026-09-10 13:44:41+00:00
2026-09-10T16:07:57.182510+00:00,2026-09-10,SJNK,SELL,1.0,24.63,ibkr_paper,execId=00012ec5.6b5526b6.01.01 orderRef='' commission=0.005705 time=2026-09-10 13:44:41+00:00
2026-09-10T16:07:57.187104+00:00,2026-09-10,SJNK,SELL,1.0,24.63,ibkr_paper,execId=00012ec5.6b5526b7.01.01 orderRef='' commission=0.005705 time=2026-09-10 13:44:41+00:00
2026-09-10T16:07:57.191749+00:00,2026-09-10,SJNK,SELL,1.0,24.63,ibkr_paper,execId=00012ec5.6b5526b8.01.01 orderRef='' commission=0.005705 time=2026-09-10 13:44:41+00:00
2026-09-10T16:07:57.196332+00:00,2026-09-10,SJNK,SELL,1.0,24.63,ibkr_paper,execId=00012ec5.6b5526b9.01.01 orderRef='' commission=0.005705 time=2026-09-10 13:44:41+00:00
2026-09-10T16:07:57.201086+00:00,2026-09-10,SJNK,SELL,1.0,24.63,ibkr_paper,execId=00012ec5.6b5526ba.01.01 orderRef='' commission=0.005705 time=2026-09-10 13:44:41+00:00
2026-09-10T16:07:57.206384+00:00,2026-09-10,SJNK,SELL,1.0,24.63,ibkr_paper,execId=00012ec5.6b5526bb.01.01 orderRef='' commission=0.005705 time=2026-09-10 13:44:41+00:00
2026-09-10T16:07:57.211552+00:00,2026-09-10,SJNK,SELL,1.0,24.63,ibkr_paper,execId=00012ec5.6b5526bc.01.01 orderRef='' commission=0.005705 time=2026-09-10 13:44:41+00:00
2026-09-10T16:07:57.216610+00:00,2026-09-10,SJNK,SELL,1.0,24.63,ibkr_paper,execId=00012ec5.6b5526bd.01.01 orderRef='' commission=0.005705 time=2026-09-10 13:44:41+00:00
2026-09-10T16:07:57.221920+00:00,2026-09-10,SJNK,SELL,1.0,24.63,ibkr_paper,execId=00012ec5.6b5526be.01.01 orderRef='' commission=0.005705 time=2026-09-10 13:44:41+00:00
2026-09-10T16:07:57.227288+00:00,2026-09-10,SJNK,SELL,1.0,24.63,ibkr_paper,execId=00012ec5.6b5526bf.01.01 orderRef='' commission=0.005705 time=2026-09-10 13:44:41+00:00
2026-09-10T16:07:57.232291+00:00,2026-09-10,SRLN,SELL,4.0,40.49,ibkr_paper,execId=00012ec5.6b552726.01.01 orderRef='' commission=0.024128 time=2026-09-10 13:44:43+00:00
2026-09-10T16:07:57.237164+00:00,2026-09-10,SRLN,SELL,4.0,40.49,ibkr_paper,execId=00012ec5.6b552727.01.01 orderRef='' commission=0.024128 time=2026-09-10 13:44:43+00:00
2026-09-10T16:07:57.242089+00:00,2026-09-10,SRLN,SELL,4.0,40.49,ibkr_paper,execId=00012ec5.6b552728.01.01 orderRef='' commission=0.024128 time=2026-09-10 13:44:43+00:00
2026-09-10T16:07:57.246863+00:00,2026-09-10,SRLN,SELL,4.0,40.49,ibkr_paper,execId=00012ec5.6b552729.01.01 orderRef='' commission=0.024128 time=2026-09-10 13:44:43+00:00
2026-09-10T16:07:57.251581+00:00,2026-09-10,SRLN,SELL,4.0,40.49,ibkr_paper,execId=00012ec5.6b55272a.01.01 orderRef='' commission=0.024128 time=2026-09-10 13:44:43+00:00
2026-09-10T16:07:57.256594+00:00,2026-09-10,SRLN,SELL,4.0,40.49,ibkr_paper,execId=00012ec5.6b55272b.01.01 orderRef='' commission=0.024128 time=2026-09-10 13:44:43+00:00
2026-09-10T16:07:57.261469+00:00,2026-09-10,SRLN,SELL,4.0,40.49,ibkr_paper,execId=00012ec5.6b55272c.01.01 orderRef='' commission=0.024128 time=2026-09-10 13:44:43+00:00
2026-09-10T16:07:57.266428+00:00,2026-09-10,SRLN,SELL,4.0,40.49,ibkr_paper,execId=00012ec5.6b55272d.01.01 orderRef='' commission=0.024128 time=2026-09-10 13:44:43+00:00
2026-09-10T16:07:57.271363+00:00,2026-09-10,SRLN,SELL,4.0,40.49,ibkr_paper,execId=00012ec5.6b55272e.01.01 orderRef='' commission=0.024128 time=2026-09-10 13:44:43+00:00
2026-09-10T16:07:57.276606+00:00,2026-09-10,SRLN,SELL,4.0,40.49,ibkr_paper,execId=00012ec5.6b55272f.01.01 orderRef='' commission=0.024128 time=2026-09-10 13:44:43+00:00
2026-09-10T16:07:57.281721+00:00,2026-09-10,SJNK,SELL,1.0,24.63,ibkr_paper,execId=00012ec5.6b552718.01.01 orderRef='' commission=0.005705 time=2026-09-10 13:44:43+00:00
2026-09-10T16:07:57.286707+00:00,2026-09-10,SJNK,SELL,1.0,24.63,ibkr_paper,execId=00012ec5.6b552719.01.01 orderRef='' commission=0.005705 time=2026-09-10 13:44:43+00:00
2026-09-10T16:07:57.291481+00:00,2026-09-10,SJNK,SELL,1.0,24.63,ibkr_paper,execId=00012ec5.6b55271a.01.01 orderRef='' commission=0.005705 time=2026-09-10 13:44:43+00:00
2026-09-10T16:07:57.296244+00:00,2026-09-10,SJNK,SELL,1.0,24.63,ibkr_paper,execId=00012ec5.6b55271b.01.01 orderRef='' commission=0.005705 time=2026-09-10 13:44:43+00:00
2026-09-10T16:07:57.301280+00:00,2026-09-10,SJNK,SELL,1.0,24.63,ibkr_paper,execId=00012ec5.6b55271c.01.01 orderRef='' commission=0.005705 time=2026-09-10 13:44:43+00:00
2026-09-10T16:07:57.306226+00:00,2026-09-10,SJNK,SELL,1.0,24.63,ibkr_paper,execId=00012ec5.6b55271d.01.01 orderRef='' commission=0.005705 time=2026-09-10 13:44:43+00:00
2026-09-10T16:07:57.311131+00:00,2026-09-10,SJNK,SELL,1.0,24.63,ibkr_paper,execId=00012ec5.6b55271e.01.01 orderRef='' commission=0.005705 time=2026-09-10 13:44:43+00:00
2026-09-10T16:07:57.315843+00:00,2026-09-10,SJNK,SELL,1.0,24.63,ibkr_paper,execId=00012ec5.6b55271f.01.01 orderRef='' commission=0.005705 time=2026-09-10 13:44:43+00:00
2026-09-10T16:07:57.320668+00:00,2026-09-10,SJNK,SELL,1.0,24.63,ibkr_paper,execId=00012ec5.6b552720.01.01 orderRef='' commission=0.005705 time=2026-09-10 13:44:43+00:00
2026-09-10T16:07:57.325446+00:00,2026-09-10,SJNK,SELL,1.0,24.63,ibkr_paper,execId=00012ec5.6b552721.01.01 orderRef='' commission=0.005705 time=2026-09-10 13:44:43+00:00
2026-09-10T16:07:57.330319+00:00,2026-09-10,SJNK,SELL,1.0,24.63,ibkr_paper,execId=00012ec5.6b552722.01.01 orderRef='' commission=0.005705 time=2026-09-10 13:44:43+00:00
2026-09-10T16:07:57.335435+00:00,2026-09-10,SJNK,SELL,1.0,24.63,ibkr_paper,execId=00012ec5.6b552723.01.01 orderRef='' commission=0.005705 time=2026-09-10 13:44:43+00:00
2026-09-10T16:07:57.340425+00:00,2026-09-10,SJNK,SELL,1.0,24.63,ibkr_paper,execId=00012ec5.6b552724.01.01 orderRef='' commission=0.005705 time=2026-09-10 13:44:43+00:00
2026-09-10T16:07:57.345365+00:00,2026-09-10,SJNK,SELL,1.0,24.63,ibkr_paper,execId=00012ec5.6b552725.01.01 orderRef='' commission=0.005705 time=2026-09-10 13:44:43+00:00
2026-09-10T16:07:57.350257+00:00,2026-09-10,SRLN,SELL,4.0,40.49,ibkr_paper,execId=00012ec5.6b55278e.01.01 orderRef='' commission=0.024128 time=2026-09-10 13:44:45+00:00
2026-09-10T16:07:57.355057+00:00,2026-09-10,SRLN,SELL,4.0,40.49,ibkr_paper,execId=00012ec5.6b55278f.01.01 orderRef='' commission=0.024128 time=2026-09-10 13:44:45+00:00
2026-09-10T16:07:57.359850+00:00,2026-09-10,SRLN,SELL,4.0,40.49,ibkr_paper,execId=00012ec5.6b552790.01.01 orderRef='' commission=0.024128 time=2026-09-10 13:44:45+00:00
2026-09-10T16:07:57.364651+00:00,2026-09-10,SRLN,SELL,4.0,40.49,ibkr_paper,execId=00012ec5.6b552791.01.01 orderRef='' commission=0.024128 time=2026-09-10 13:44:45+00:00
2026-09-10T16:07:57.369805+00:00,2026-09-10,SRLN,SELL,4.0,40.49,ibkr_paper,execId=00012ec5.6b552792.01.01 orderRef='' commission=0.024128 time=2026-09-10 13:44:45+00:00
2026-09-10T16:07:57.374989+00:00,2026-09-10,SRLN,SELL,4.0,40.49,ibkr_paper,execId=00012ec5.6b552793.01.01 orderRef='' commission=0.024128 time=2026-09-10 13:44:45+00:00
2026-09-10T16:07:57.380134+00:00,2026-09-10,SRLN,SELL,4.0,40.49,ibkr_paper,execId=00012ec5.6b552794.01.01 orderRef='' commission=0.024128 time=2026-09-10 13:44:45+00:00
2026-09-10T16:07:57.385177+00:00,2026-09-10,SRLN,SELL,4.0,40.49,ibkr_paper,execId=00012ec5.6b552795.01.01 orderRef='' commission=0.024128 time=2026-09-10 13:44:45+00:00
2026-09-10T16:07:57.390041+00:00,2026-09-10,SRLN,SELL,4.0,40.49,ibkr_paper,execId=00012ec5.6b552796.01.01 orderRef='' commission=0.024128 time=2026-09-10 13:44:45+00:00
2026-09-10T16:07:57.394901+00:00,2026-09-10,SRLN,SELL,4.0,40.49,ibkr_paper,execId=00012ec5.6b552797.01.01 orderRef='' commission=0.024128 time=2026-09-10 13:44:45+00:00
2026-09-10T16:07:57.399733+00:00,2026-09-10,SRLN,SELL,4.0,40.49,ibkr_paper,execId=00012ec5.6b5527b6.01.01 orderRef='' commission=0.024128 time=2026-09-10 13:44:45+00:00
2026-09-10T16:07:57.404748+00:00,2026-09-10,SJNK,SELL,96.0,24.63,ibkr_paper,execId=00012ec5.6b5527a8.01.01 orderRef='' commission=0.547716 time=2026-09-10 13:44:45+00:00
2026-09-10T16:07:57.409977+00:00,2026-09-10,SJNK,SELL,1.0,24.63,ibkr_paper,execId=00012ec5.6b5527a9.01.01 orderRef='' commission=0.005705 time=2026-09-10 13:44:45+00:00
2026-09-10T16:07:57.415072+00:00,2026-09-10,SJNK,SELL,1.0,24.63,ibkr_paper,execId=00012ec5.6b5527aa.01.01 orderRef='' commission=0.005705 time=2026-09-10 13:44:45+00:00
2026-09-10T16:07:57.420791+00:00,2026-09-10,SJNK,SELL,1.0,24.63,ibkr_paper,execId=00012ec5.6b5527ab.01.01 orderRef='' commission=0.005705 time=2026-09-10 13:44:45+00:00
2026-09-10T16:07:57.425765+00:00,2026-09-10,SJNK,SELL,1.0,24.63,ibkr_paper,execId=00012ec5.6b5527ac.01.01 orderRef='' commission=0.005705 time=2026-09-10 13:44:45+00:00
2026-09-10T16:07:57.430771+00:00,2026-09-10,SJNK,SELL,1.0,24.63,ibkr_paper,execId=00012ec5.6b5527ad.01.01 orderRef='' commission=0.005705 time=2026-09-10 13:44:45+00:00
2026-09-10T16:07:57.436104+00:00,2026-09-10,SJNK,SELL,1.0,24.63,ibkr_paper,execId=00012ec5.6b5527ae.01.01 orderRef='' commission=0.005705 time=2026-09-10 13:44:45+00:00
2026-09-10T16:07:57.441267+00:00,2026-09-10,SJNK,SELL,1.0,24.63,ibkr_paper,execId=00012ec5.6b5527af.01.01 orderRef='' commission=0.005705 time=2026-09-10 13:44:45+00:00
2026-09-10T16:07:57.446617+00:00,2026-09-10,SJNK,SELL,1.0,24.63,ibkr_paper,execId=00012ec5.6b5527b0.01.01 orderRef='' commission=0.005705 time=2026-09-10 13:44:45+00:00
2026-09-10T16:07:57.451689+00:00,2026-09-10,SJNK,SELL,1.0,24.63,ibkr_paper,execId=00012ec5.6b5527b1.01.01 orderRef='' commission=0.005705 time=2026-09-10 13:44:45+00:00
2026-09-10T16:07:57.456827+00:00,2026-09-10,SJNK,SELL,1.0,24.63,ibkr_paper,execId=00012ec5.6b5527b2.01.01 orderRef='' commission=0.005705 time=2026-09-10 13:44:45+00:00
2026-09-10T16:07:57.461857+00:00,2026-09-10,SJNK,SELL,1.0,24.63,ibkr_paper,execId=00012ec5.6b5527b3.01.01 orderRef='' commission=0.005705 time=2026-09-10 13:44:45+00:00
2026-09-10T16:07:57.466796+00:00,2026-09-10,SJNK,SELL,1.0,24.63,ibkr_paper,execId=00012ec5.6b5527b4.01.01 orderRef='' commission=0.005705 time=2026-09-10 13:44:45+00:00
2026-09-10T16:07:57.472160+00:00,2026-09-10,SJNK,SELL,1.0,24.63,ibkr_paper,execId=00012ec5.6b5527b5.01.01 orderRef='' commission=0.005705 time=2026-09-10 13:44:45+00:00
2026-09-10T16:07:57.477390+00:00,2026-09-10,SRLN,SELL,4.0,40.49,ibkr_paper,execId=00012ec5.6b5527b7.01.01 orderRef='' commission=0.024128 time=2026-09-10 13:44:45+00:00
2026-09-10T16:07:57.482470+00:00,2026-09-10,SRLN,SELL,4.0,40.49,ibkr_paper,execId=00012ec5.6b5527b8.01.01 orderRef='' commission=0.024128 time=2026-09-10 13:44:45+00:00
2026-09-10T16:07:57.487525+00:00,2026-09-10,SRLN,SELL,4.0,40.49,ibkr_paper,execId=00012ec5.6b5527b9.01.01 orderRef='' commission=0.024128 time=2026-09-10 13:44:45+00:00
2026-09-10T16:07:57.492535+00:00,2026-09-10,SRLN,SELL,4.0,40.49,ibkr_paper,execId=00012ec5.6b5527ba.01.01 orderRef='' commission=0.024128 time=2026-09-10 13:44:45+00:00
2026-09-10T16:07:57.497745+00:00,2026-09-10,SRLN,SELL,4.0,40.49,ibkr_paper,execId=00012ec5.6b5527bb.01.01 orderRef='' commission=0.024128 time=2026-09-10 13:44:45+00:00
2026-09-10T16:07:57.502798+00:00,2026-09-10,SRLN,SELL,4.0,40.49,ibkr_paper,execId=00012ec5.6b5527bc.01.01 orderRef='' commission=0.024128 time=2026-09-10 13:44:45+00:00
2026-09-10T16:07:57.508155+00:00,2026-09-10,SRLN,SELL,4.0,40.49,ibkr_paper,execId=00012ec5.6b5527bd.01.01 orderRef='' commission=0.024128 time=2026-09-10 13:44:45+00:00
2026-09-10T16:07:57.513406+00:00,2026-09-10,SRLN,SELL,4.0,40.49,ibkr_paper,execId=00012ec5.6b5527be.01.01 orderRef='' commission=0.024128 time=2026-09-10 13:44:45+00:00
2026-09-10T16:07:57.518575+00:00,2026-09-10,SRLN,SELL,4.0,40.49,ibkr_paper,execId=00012ec5.6b5527bf.01.01 orderRef='' commission=0.024128 time=2026-09-10 13:44:45+00:00
2026-09-10T16:07:57.524676+00:00,2026-09-10,SRLN,SELL,4.0,40.49,ibkr_paper,execId=00012ec5.6b5527c0.01.01 orderRef='' commission=0.024128 time=2026-09-10 13:44:45+00:00
2026-09-10T16:07:57.530565+00:00,2026-09-10,SRLN,SELL,4.0,40.49,ibkr_paper,execId=00012ec5.6b5527c1.01.01 orderRef='' commission=0.024128 time=2026-09-10 13:44:45+00:00
2026-09-10T16:07:57.535858+00:00,2026-09-10,SRLN,SELL,354.0,40.49,ibkr_paper,execId=00012ec5.6b552804.01.01 orderRef='' commission=2.135361 time=2026-09-10 13:44:47+00:00
2026-09-10T16:07:57.540983+00:00,2026-09-10,SRLN,SELL,4.0,40.49,ibkr_paper,execId=00012ec5.6b552805.01.01 orderRef='' commission=0.024128 time=2026-09-10 13:44:47+00:00
2026-09-10T16:07:57.546207+00:00,2026-09-10,SRLN,SELL,4.0,40.49,ibkr_paper,execId=00012ec5.6b552806.01.01 orderRef='' commission=0.024128 time=2026-09-10 13:44:47+00:00
2026-09-10T16:07:57.551311+00:00,2026-09-10,SRLN,SELL,4.0,40.49,ibkr_paper,execId=00012ec5.6b552807.01.01 orderRef='' commission=0.024128 time=2026-09-10 13:44:47+00:00
2026-09-10T16:07:57.556412+00:00,2026-09-10,SRLN,SELL,4.0,40.49,ibkr_paper,execId=00012ec5.6b552808.01.01 orderRef='' commission=0.024128 time=2026-09-10 13:44:47+00:00
2026-09-10T16:07:57.561387+00:00,2026-09-10,SRLN,SELL,4.0,40.49,ibkr_paper,execId=00012ec5.6b552809.01.01 orderRef='' commission=0.024128 time=2026-09-10 13:44:47+00:00
2026-09-10T16:07:57.566436+00:00,2026-09-10,SRLN,SELL,4.0,40.49,ibkr_paper,execId=00012ec5.6b55280a.01.01 orderRef='' commission=0.024128 time=2026-09-10 13:44:47+00:00
2026-09-10T16:07:57.571563+00:00,2026-09-10,SRLN,SELL,4.0,40.49,ibkr_paper,execId=00012ec5.6b55280b.01.01 orderRef='' commission=0.024128 time=2026-09-10 13:44:47+00:00
2026-09-10T16:07:57.576979+00:00,2026-09-10,SRLN,SELL,4.0,40.49,ibkr_paper,execId=00012ec5.6b55280c.01.01 orderRef='' commission=0.024128 time=2026-09-10 13:44:47+00:00
2026-09-10T16:07:57.582411+00:00,2026-09-10,SRLN,SELL,4.0,40.49,ibkr_paper,execId=00012ec5.6b55280d.01.01 orderRef='' commission=0.024128 time=2026-09-10 13:44:47+00:00
2026-09-10T16:07:57.587788+00:00,2026-09-10,SRLN,SELL,4.0,40.49,ibkr_paper,execId=00012ec5.6b55280e.01.01 orderRef='' commission=0.024128 time=2026-09-10 13:44:47+00:00
2026-09-10T16:07:57.593109+00:00,2026-09-10,SJNK,SELL,1.0,24.63,ibkr_paper,execId=00012ec5.6b55281f.01.01 orderRef='' commission=0.005705 time=2026-09-10 13:44:47+00:00
2026-09-10T16:07:57.598276+00:00,2026-09-10,SJNK,SELL,1.0,24.63,ibkr_paper,execId=00012ec5.6b552820.01.01 orderRef='' commission=0.005705 time=2026-09-10 13:44:47+00:00
2026-09-10T16:07:57.603463+00:00,2026-09-10,SJNK,SELL,1.0,24.63,ibkr_paper,execId=00012ec5.6b552821.01.01 orderRef='' commission=0.005705 time=2026-09-10 13:44:47+00:00
2026-09-10T16:07:57.608506+00:00,2026-09-10,SJNK,SELL,1.0,24.63,ibkr_paper,execId=00012ec5.6b552822.01.01 orderRef='' commission=0.005705 time=2026-09-10 13:44:47+00:00
2026-09-10T16:07:57.613866+00:00,2026-09-10,SJNK,SELL,1.0,24.63,ibkr_paper,execId=00012ec5.6b552823.01.01 orderRef='' commission=0.005705 time=2026-09-10 13:44:47+00:00
2026-09-10T16:07:57.619057+00:00,2026-09-10,SJNK,SELL,1.0,24.63,ibkr_paper,execId=00012ec5.6b552824.01.01 orderRef='' commission=0.005705 time=2026-09-10 13:44:47+00:00
2026-09-10T16:07:57.624802+00:00,2026-09-10,SJNK,SELL,1.0,24.63,ibkr_paper,execId=00012ec5.6b552825.01.01 orderRef='' commission=0.005705 time=2026-09-10 13:44:47+00:00
2026-09-10T16:07:57.630487+00:00,2026-09-10,SJNK,SELL,1.0,24.63,ibkr_paper,execId=00012ec5.6b552826.01.01 orderRef='' commission=0.005705 time=2026-09-10 13:44:47+00:00
2026-09-10T16:07:57.636368+00:00,2026-09-10,SJNK,SELL,1.0,24.63,ibkr_paper,execId=00012ec5.6b552827.01.01 orderRef='' commission=0.005705 time=2026-09-10 13:44:47+00:00
2026-09-10T16:07:57.642014+00:00,2026-09-10,SJNK,SELL,1.0,24.63,ibkr_paper,execId=00012ec5.6b552828.01.01 orderRef='' commission=0.005705 time=2026-09-10 13:44:47+00:00
2026-09-10T16:07:57.647485+00:00,2026-09-10,SJNK,SELL,1.0,24.63,ibkr_paper,execId=00012ec5.6b552829.01.01 orderRef='' commission=0.005705 time=2026-09-10 13:44:47+00:00
2026-09-10T16:07:57.652846+00:00,2026-09-10,SJNK,SELL,1.0,24.63,ibkr_paper,execId=00012ec5.6b55282a.01.01 orderRef='' commission=0.005705 time=2026-09-10 13:44:47+00:00
2026-09-10T16:07:57.658180+00:00,2026-09-10,SJNK,SELL,1.0,24.63,ibkr_paper,execId=00012ec5.6b55282b.01.01 orderRef='' commission=0.005705 time=2026-09-10 13:44:47+00:00
2026-09-10T16:07:57.663431+00:00,2026-09-10,SRLN,SELL,4.0,40.49,ibkr_paper,execId=00012ec5.6b55286c.01.01 orderRef='' commission=0.024128 time=2026-09-10 13:44:49+00:00
2026-09-10T16:07:57.669021+00:00,2026-09-10,SJNK,SELL,1.0,24.63,ibkr_paper,execId=00012ec5.6b55287c.01.01 orderRef='' commission=0.005705 time=2026-09-10 13:44:49+00:00
2026-09-10T16:07:57.674957+00:00,2026-09-10,SJNK,SELL,1.0,24.63,ibkr_paper,execId=00012ec5.6b55287d.01.01 orderRef='' commission=0.005705 time=2026-09-10 13:44:49+00:00
2026-09-10T16:07:57.680325+00:00,2026-09-10,SJNK,SELL,1.0,24.63,ibkr_paper,execId=00012ec5.6b55287e.01.01 orderRef='' commission=0.005705 time=2026-09-10 13:44:49+00:00
2026-09-10T16:07:57.685589+00:00,2026-09-10,SJNK,SELL,1.0,24.63,ibkr_paper,execId=00012ec5.6b55287f.01.01 orderRef='' commission=0.005705 time=2026-09-10 13:44:49+00:00
2026-09-10T16:07:57.690824+00:00,2026-09-10,SJNK,SELL,1.0,24.63,ibkr_paper,execId=00012ec5.6b552880.01.01 orderRef='' commission=0.005705 time=2026-09-10 13:44:49+00:00
2026-09-10T16:07:57.696512+00:00,2026-09-10,SJNK,SELL,1.0,24.63,ibkr_paper,execId=00012ec5.6b552881.01.01 orderRef='' commission=0.005705 time=2026-09-10 13:44:49+00:00
2026-09-10T16:07:57.701975+00:00,2026-09-10,SJNK,SELL,1.0,24.63,ibkr_paper,execId=00012ec5.6b552882.01.01 orderRef='' commission=0.005705 time=2026-09-10 13:44:49+00:00
2026-09-10T16:07:57.707892+00:00,2026-09-10,SJNK,SELL,1.0,24.63,ibkr_paper,execId=00012ec5.6b552883.01.01 orderRef='' commission=0.005705 time=2026-09-10 13:44:49+00:00
2026-09-10T16:07:57.713362+00:00,2026-09-10,SJNK,SELL,1.0,24.63,ibkr_paper,execId=00012ec5.6b552884.01.01 orderRef='' commission=0.005705 time=2026-09-10 13:44:49+00:00
2026-09-10T16:07:57.718853+00:00,2026-09-10,SJNK,SELL,1.0,24.63,ibkr_paper,execId=00012ec5.6b552885.01.01 orderRef='' commission=0.005705 time=2026-09-10 13:44:49+00:00
2026-09-10T16:07:57.724234+00:00,2026-09-10,SJNK,SELL,1.0,24.63,ibkr_paper,execId=00012ec5.6b552886.01.01 orderRef='' commission=0.005705 time=2026-09-10 13:44:49+00:00
2026-09-10T16:07:57.729522+00:00,2026-09-10,SJNK,SELL,1.0,24.63,ibkr_paper,execId=00012ec5.6b552887.01.01 orderRef='' commission=0.005705 time=2026-09-10 13:44:49+00:00
2026-09-10T16:07:57.734789+00:00,2026-09-10,SJNK,SELL,1.0,24.63,ibkr_paper,execId=00012ec5.6b552888.01.01 orderRef='' commission=0.005705 time=2026-09-10 13:44:49+00:00
2026-09-10T16:07:57.740096+00:00,2026-09-10,SRLN,SELL,4.0,40.49,ibkr_paper,execId=00012ec5.6b5528dd.01.01 orderRef='' commission=0.024128 time=2026-09-10 13:44:51+00:00
2026-09-10T16:07:57.745438+00:00,2026-09-10,SRLN,SELL,4.0,40.49,ibkr_paper,execId=00012ec5.6b5528de.01.01 orderRef='' commission=0.024128 time=2026-09-10 13:44:51+00:00
2026-09-10T16:07:57.750786+00:00,2026-09-10,SRLN,SELL,4.0,40.49,ibkr_paper,execId=00012ec5.6b5528df.01.01 orderRef='' commission=0.024128 time=2026-09-10 13:44:51+00:00
2026-09-10T16:07:57.756798+00:00,2026-09-10,SJNK,SELL,1.0,24.63,ibkr_paper,execId=00012ec5.6b5528e0.01.01 orderRef='' commission=0.005705 time=2026-09-10 13:44:51+00:00
2026-09-10T16:07:57.763892+00:00,2026-09-10,SJNK,SELL,1.0,24.63,ibkr_paper,execId=00012ec5.6b5528e1.01.01 orderRef='' commission=0.005705 time=2026-09-10 13:44:51+00:00
2026-09-10T16:07:57.769525+00:00,2026-09-10,SJNK,SELL,1.0,24.63,ibkr_paper,execId=00012ec5.6b5528e2.01.01 orderRef='' commission=0.005705 time=2026-09-10 13:44:51+00:00
2026-09-10T16:07:57.775137+00:00,2026-09-10,SJNK,SELL,1.0,24.63,ibkr_paper,execId=00012ec5.6b5528e3.01.01 orderRef='' commission=0.005705 time=2026-09-10 13:44:51+00:00
2026-09-10T16:07:57.780598+00:00,2026-09-10,SJNK,SELL,1.0,24.63,ibkr_paper,execId=00012ec5.6b5528e4.01.01 orderRef='' commission=0.005705 time=2026-09-10 13:44:51+00:00
2026-09-10T16:07:57.785925+00:00,2026-09-10,SJNK,SELL,1.0,24.63,ibkr_paper,execId=00012ec5.6b5528e5.01.01 orderRef='' commission=0.005705 time=2026-09-10 13:44:51+00:00
2026-09-10T16:07:57.791214+00:00,2026-09-10,SJNK,SELL,1.0,24.63,ibkr_paper,execId=00012ec5.6b5528e6.01.01 orderRef='' commission=0.005705 time=2026-09-10 13:44:51+00:00
2026-09-10T16:07:57.796493+00:00,2026-09-10,SJNK,SELL,1.0,24.63,ibkr_paper,execId=00012ec5.6b5528e7.01.01 orderRef='' commission=0.005705 time=2026-09-10 13:44:51+00:00
2026-09-10T16:07:57.801831+00:00,2026-09-10,SJNK,SELL,1.0,24.63,ibkr_paper,execId=00012ec5.6b5528e8.01.01 orderRef='' commission=0.005705 time=2026-09-10 13:44:51+00:00
2026-09-10T16:07:57.807102+00:00,2026-09-10,SJNK,SELL,1.0,24.63,ibkr_paper,execId=00012ec5.6b5528e9.01.01 orderRef='' commission=0.005705 time=2026-09-10 13:44:51+00:00
2026-09-10T16:07:57.812445+00:00,2026-09-10,SJNK,SELL,1.0,24.63,ibkr_paper,execId=00012ec5.6b5528ea.01.01 orderRef='' commission=0.005705 time=2026-09-10 13:44:51+00:00
2026-09-10T16:07:57.817744+00:00,2026-09-10,SJNK,SELL,1.0,24.63,ibkr_paper,execId=00012ec5.6b5528eb.01.01 orderRef='' commission=0.005705 time=2026-09-10 13:44:51+00:00
2026-09-10T16:07:57.823366+00:00,2026-09-10,SJNK,SELL,1.0,24.63,ibkr_paper,execId=00012ec5.6b5528ec.01.01 orderRef='' commission=0.005705 time=2026-09-10 13:44:51+00:00
2026-09-10T16:07:57.828893+00:00,2026-09-10,SRLN,SELL,4.0,40.49,ibkr_paper,execId=00012ec5.6b55295b.01.01 orderRef='' commission=0.024128 time=2026-09-10 13:44:53+00:00
2026-09-10T16:07:57.834512+00:00,2026-09-10,SRLN,SELL,4.0,40.49,ibkr_paper,execId=00012ec5.6b55295c.01.01 orderRef='' commission=0.024128 time=2026-09-10 13:44:53+00:00
2026-09-10T16:07:57.840192+00:00,2026-09-10,SJNK,SELL,1.0,24.63,ibkr_paper,execId=00012ec5.6b55294e.01.01 orderRef='' commission=0.005705 time=2026-09-10 13:44:53+00:00
2026-09-10T16:07:57.845697+00:00,2026-09-10,SJNK,SELL,1.0,24.63,ibkr_paper,execId=00012ec5.6b55294f.01.01 orderRef='' commission=0.005705 time=2026-09-10 13:44:53+00:00
2026-09-10T16:07:57.851085+00:00,2026-09-10,SJNK,SELL,1.0,24.63,ibkr_paper,execId=00012ec5.6b552950.01.01 orderRef='' commission=0.005705 time=2026-09-10 13:44:53+00:00
2026-09-10T16:07:57.856438+00:00,2026-09-10,SJNK,SELL,1.0,24.63,ibkr_paper,execId=00012ec5.6b552951.01.01 orderRef='' commission=0.005705 time=2026-09-10 13:44:53+00:00
2026-09-10T16:07:57.861800+00:00,2026-09-10,SJNK,SELL,1.0,24.63,ibkr_paper,execId=00012ec5.6b552952.01.01 orderRef='' commission=0.005705 time=2026-09-10 13:44:53+00:00
2026-09-10T16:07:57.867136+00:00,2026-09-10,SJNK,SELL,1.0,24.63,ibkr_paper,execId=00012ec5.6b552953.01.01 orderRef='' commission=0.005705 time=2026-09-10 13:44:53+00:00
2026-09-10T16:07:57.872551+00:00,2026-09-10,SJNK,SELL,1.0,24.63,ibkr_paper,execId=00012ec5.6b552954.01.01 orderRef='' commission=0.005705 time=2026-09-10 13:44:53+00:00
2026-09-10T16:07:57.878572+00:00,2026-09-10,SJNK,SELL,1.0,24.63,ibkr_paper,execId=00012ec5.6b552955.01.01 orderRef='' commission=0.005705 time=2026-09-10 13:44:53+00:00
2026-09-10T16:07:57.884524+00:00,2026-09-10,SJNK,SELL,1.0,24.63,ibkr_paper,execId=00012ec5.6b552956.01.01 orderRef='' commission=0.005705 time=2026-09-10 13:44:53+00:00
2026-09-10T16:07:57.890754+00:00,2026-09-10,SJNK,SELL,1.0,24.63,ibkr_paper,execId=00012ec5.6b552957.01.01 orderRef='' commission=0.005705 time=2026-09-10 13:44:53+00:00
2026-09-10T16:07:57.896685+00:00,2026-09-10,SJNK,SELL,1.0,24.63,ibkr_paper,execId=00012ec5.6b552958.01.01 orderRef='' commission=0.005705 time=2026-09-10 13:44:53+00:00
2026-09-10T16:07:57.903002+00:00,2026-09-10,SJNK,SELL,1.0,24.63,ibkr_paper,execId=00012ec5.6b552959.01.01 orderRef='' commission=0.005705 time=2026-09-10 13:44:53+00:00
2026-09-10T16:07:57.908707+00:00,2026-09-10,SJNK,SELL,1.0,24.63,ibkr_paper,execId=00012ec5.6b55295a.01.01 orderRef='' commission=0.005705 time=2026-09-10 13:44:53+00:00
2026-09-10T16:07:57.914272+00:00,2026-09-10,SJNK,SELL,1.0,24.63,ibkr_paper,execId=00012ec5.6b552983.01.01 orderRef='' commission=0.005705 time=2026-09-10 13:44:55+00:00
2026-09-10T16:07:57.920035+00:00,2026-09-10,SJNK,SELL,1.0,24.63,ibkr_paper,execId=00012ec5.6b552984.01.01 orderRef='' commission=0.005705 time=2026-09-10 13:44:55+00:00
2026-09-10T16:07:57.925620+00:00,2026-09-10,SJNK,SELL,1.0,24.63,ibkr_paper,execId=00012ec5.6b552985.01.01 orderRef='' commission=0.005705 time=2026-09-10 13:44:55+00:00
2026-09-10T16:07:57.931281+00:00,2026-09-10,SJNK,SELL,1.0,24.63,ibkr_paper,execId=00012ec5.6b552986.01.01 orderRef='' commission=0.005705 time=2026-09-10 13:44:55+00:00
2026-09-10T16:07:57.937481+00:00,2026-09-10,SJNK,SELL,1.0,24.63,ibkr_paper,execId=00012ec5.6b552987.01.01 orderRef='' commission=0.005705 time=2026-09-10 13:44:55+00:00
2026-09-10T16:07:57.943335+00:00,2026-09-10,SJNK,SELL,1.0,24.63,ibkr_paper,execId=00012ec5.6b552988.01.01 orderRef='' commission=0.005705 time=2026-09-10 13:44:55+00:00
2026-09-10T16:07:57.949214+00:00,2026-09-10,SJNK,SELL,1.0,24.63,ibkr_paper,execId=00012ec5.6b552989.01.01 orderRef='' commission=0.005705 time=2026-09-10 13:44:55+00:00
2026-09-10T16:07:57.954948+00:00,2026-09-10,SJNK,SELL,1.0,24.63,ibkr_paper,execId=00012ec5.6b55298a.01.01 orderRef='' commission=0.005705 time=2026-09-10 13:44:55+00:00
2026-09-10T16:07:57.960657+00:00,2026-09-10,SJNK,SELL,1.0,24.63,ibkr_paper,execId=00012ec5.6b55298b.01.01 orderRef='' commission=0.005705 time=2026-09-10 13:44:55+00:00
2026-09-10T16:07:57.966519+00:00,2026-09-10,SJNK,SELL,1.0,24.63,ibkr_paper,execId=00012ec5.6b55298c.01.01 orderRef='' commission=0.005705 time=2026-09-10 13:44:55+00:00
2026-09-10T16:07:57.972039+00:00,2026-09-10,SJNK,SELL,1.0,24.63,ibkr_paper,execId=00012ec5.6b55298d.01.01 orderRef='' commission=0.005705 time=2026-09-10 13:44:55+00:00
2026-09-10T16:07:57.977620+00:00,2026-09-10,SJNK,SELL,1.0,24.63,ibkr_paper,execId=00012ec5.6b55298e.01.01 orderRef='' commission=0.005705 time=2026-09-10 13:44:55+00:00
2026-09-10T16:07:57.983272+00:00,2026-09-10,SJNK,SELL,1.0,24.63,ibkr_paper,execId=00012ec5.6b55298f.01.01 orderRef='' commission=0.005705 time=2026-09-10 13:44:55+00:00
2026-09-10T16:07:57.989237+00:00,2026-09-10,SJNK,SELL,1.0,24.63,ibkr_paper,execId=00012ec5.6b5529e8.01.01 orderRef='' commission=0.005705 time=2026-09-10 13:44:57+00:00
2026-09-10T16:07:57.994929+00:00,2026-09-10,SJNK,SELL,1.0,24.63,ibkr_paper,execId=00012ec5.6b5529e9.01.01 orderRef='' commission=0.005705 time=2026-09-10 13:44:57+00:00
2026-09-10T16:07:58.000920+00:00,2026-09-10,SJNK,SELL,1.0,24.63,ibkr_paper,execId=00012ec5.6b5529ea.01.01 orderRef='' commission=0.005705 time=2026-09-10 13:44:57+00:00
2026-09-10T16:07:58.006988+00:00,2026-09-10,SJNK,SELL,1.0,24.63,ibkr_paper,execId=00012ec5.6b5529eb.01.01 orderRef='' commission=0.005705 time=2026-09-10 13:44:57+00:00
2026-09-10T16:07:58.012847+00:00,2026-09-10,SJNK,SELL,1.0,24.63,ibkr_paper,execId=00012ec5.6b5529ec.01.01 orderRef='' commission=0.005705 time=2026-09-10 13:44:57+00:00
2026-09-10T16:07:58.018623+00:00,2026-09-10,SJNK,SELL,1.0,24.63,ibkr_paper,execId=00012ec5.6b5529ed.01.01 orderRef='' commission=0.005705 time=2026-09-10 13:44:57+00:00
2026-09-10T16:07:58.024256+00:00,2026-09-10,SJNK,SELL,1.0,24.63,ibkr_paper,execId=00012ec5.6b5529ee.01.01 orderRef='' commission=0.005705 time=2026-09-10 13:44:57+00:00
2026-09-10T16:07:58.029987+00:00,2026-09-10,SJNK,SELL,1.0,24.63,ibkr_paper,execId=00012ec5.6b5529ef.01.01 orderRef='' commission=0.005705 time=2026-09-10 13:44:57+00:00
2026-09-10T16:07:58.036219+00:00,2026-09-10,SJNK,SELL,1.0,24.63,ibkr_paper,execId=00012ec5.6b5529f0.01.01 orderRef='' commission=0.005705 time=2026-09-10 13:44:57+00:00
2026-09-10T16:07:58.042147+00:00,2026-09-10,SJNK,SELL,1.0,24.63,ibkr_paper,execId=00012ec5.6b5529f1.01.01 orderRef='' commission=0.005705 time=2026-09-10 13:44:57+00:00
2026-09-10T16:07:58.047812+00:00,2026-09-10,SJNK,SELL,1.0,24.63,ibkr_paper,execId=00012ec5.6b5529f2.01.01 orderRef='' commission=0.005705 time=2026-09-10 13:44:57+00:00
2026-09-10T16:07:58.053462+00:00,2026-09-10,SJNK,SELL,1.0,24.63,ibkr_paper,execId=00012ec5.6b5529f3.01.01 orderRef='' commission=0.005705 time=2026-09-10 13:44:57+00:00
2026-09-10T16:07:58.059106+00:00,2026-09-10,SJNK,SELL,1.0,24.63,ibkr_paper,execId=00012ec5.6b5529f4.01.01 orderRef='' commission=0.005705 time=2026-09-10 13:44:57+00:00
2026-09-10T16:07:58.064998+00:00,2026-09-10,SJNK,SELL,89.0,24.63,ibkr_paper,execId=00012ec5.6b552a5c.01.01 orderRef='' commission=0.507779 time=2026-09-10 13:44:59+00:00
2026-09-10T16:07:58.070765+00:00,2026-09-10,SJNK,SELL,1.0,24.63,ibkr_paper,execId=00012ec5.6b552a5d.01.01 orderRef='' commission=0.005705 time=2026-09-10 13:44:59+00:00
2026-09-10T16:07:58.076398+00:00,2026-09-10,SJNK,SELL,1.0,24.63,ibkr_paper,execId=00012ec5.6b552a5e.01.01 orderRef='' commission=0.005705 time=2026-09-10 13:44:59+00:00
2026-09-10T16:07:58.082007+00:00,2026-09-10,SJNK,SELL,1.0,24.63,ibkr_paper,execId=00012ec5.6b552a5f.01.01 orderRef='' commission=0.005705 time=2026-09-10 13:44:59+00:00
2026-09-10T16:07:58.087758+00:00,2026-09-10,SJNK,SELL,1.0,24.63,ibkr_paper,execId=00012ec5.6b552a60.01.01 orderRef='' commission=0.005705 time=2026-09-10 13:44:59+00:00
2026-09-10T16:07:58.093522+00:00,2026-09-10,SJNK,SELL,1.0,24.63,ibkr_paper,execId=00012ec5.6b552a61.01.01 orderRef='' commission=0.005705 time=2026-09-10 13:44:59+00:00
2026-09-10T16:07:58.099175+00:00,2026-09-10,SJNK,SELL,1.0,24.63,ibkr_paper,execId=00012ec5.6b552a62.01.01 orderRef='' commission=0.005705 time=2026-09-10 13:44:59+00:00
2026-09-10T16:07:58.104861+00:00,2026-09-10,SJNK,SELL,1.0,24.63,ibkr_paper,execId=00012ec5.6b552a63.01.01 orderRef='' commission=0.005705 time=2026-09-10 13:44:59+00:00
2026-09-10T16:07:58.110668+00:00,2026-09-10,SJNK,SELL,1.0,24.63,ibkr_paper,execId=00012ec5.6b552a64.01.01 orderRef='' commission=0.005705 time=2026-09-10 13:44:59+00:00
2026-09-10T16:07:58.116388+00:00,2026-09-10,SJNK,SELL,1.0,24.63,ibkr_paper,execId=00012ec5.6b552a65.01.01 orderRef='' commission=0.005705 time=2026-09-10 13:44:59+00:00
2026-09-10T16:07:58.122046+00:00,2026-09-10,SJNK,SELL,1.0,24.63,ibkr_paper,execId=00012ec5.6b552a66.01.01 orderRef='' commission=0.005705 time=2026-09-10 13:44:59+00:00
2026-09-10T16:07:58.127698+00:00,2026-09-10,SJNK,SELL,1.0,24.63,ibkr_paper,execId=00012ec5.6b552a67.01.01 orderRef='' commission=0.005705 time=2026-09-10 13:44:59+00:00
2026-09-10T16:07:58.134056+00:00,2026-09-10,SJNK,SELL,1.0,24.63,ibkr_paper,execId=00012ec5.6b552a68.01.01 orderRef='' commission=0.005705 time=2026-09-10 13:44:59+00:00
2026-09-10T16:07:58.140344+00:00,2026-09-10,SJNK,SELL,825.0,24.63,ibkr_paper,execId=00012ec5.6b552aa2.01.01 orderRef='' commission=4.706937 time=2026-09-10 13:44:59+00:00
